Time Stamp,ID,Extended,Dir,Bus,LEN,D1,D2,D3,D4,D5,D6,D7,D8
71818693,00000358,false,Rx,0,8,89,32,00,00,8E,01,00,00,
71868631,00000109,false,Rx,0,8,00,00,00,00,00,00,00,00,
71868865,00000357,false,Rx,0,8,00,00,00,02,D3,01,00,00,
71918601,00000358,false,Rx,0,8,89,32,00,00,8E,01,00,00,
71968626,00000109,false,Rx,0,8,00,00,00,00,00,00,00,00,
71968862,00000357,false,Rx,0,8,00,00,00,02,D3,01,00,00,
71986631,000007DF,false,Rx,0,8,03,2A,07,D2,55,55,55,55,
71986921,000007E8,false,Rx,0,8,07,6A,07,D2,00,00,00,00,
72018715,00000358,false,Rx,0,8,89,32,00,00,8E,01,00,00,
72068695,00000109,false,Rx,0,8,00,00,00,00,00,00,00,00,
72068878,00000357,false,Rx,0,8,00,00,00,02,D3,01,00,00,
72118690,00000358,false,Rx,0,8,89,32,00,00,8E,01,00,00,
72168636,00000109,false,Rx,0,8,00,00,00,00,00,00,00,00,
72168863,00000357,false,Rx,0,8,00,00,00,02,D3,01,00,00,
72218603,00000358,false,Rx,0,8,89,32,00,00,8E,01,00,00,
72268663,00000109,false,Rx,0,8,00,00,00,00,00,00,00,00,
72268867,00000357,false,Rx,0,8,00,00,00,02,D3,01,00,00,
72318596,00000358,false,Rx,0,8,89,32,00,00,8E,01,00,00,
72368720,00000109,false,Rx,0,8,00,00,00,00,00,00,00,00,
72368850,00000357,false,Rx,0,8,00,00,00,02,D3,01,00,00,
72418594,00000358,false,Rx,0,8,89,32,00,00,8E,01,00,00,
72468612,00000109,false,Rx,0,8,00,00,00,00,00,00,00,00,
72468855,00000357,false,Rx,0,8,00,00,00,02,D3,01,00,00,
72518626,00000358,false,Rx,0,8,89,32,00,00,8E,01,00,00,
72568611,00000109,false,Rx,0,8,00,00,00,00,00,00,00,00,
72568856,00000357,false,Rx,0,8,00,00,00,02,D3,01,00,00,
72618632,00000358,false,Rx,0,8,89,32,00,00,8E,01,00,00,
72668740,00000109,false,Rx,0,8,00,00,00,00,00,00,00,00,
72668852,00000357,false,Rx,0,8,00,00,00,02,D3,01,00,00,
72718592,00000358,false,Rx,0,8,89,32,00,00,8E,01,00,00,
72768657,00000109,false,Rx,0,8,00,00,00,00,00,00,00,00,
72768852,00000357,false,Rx,0,8,00,00,00,02,D3,01,00,00,
72818587,00000358,false,Rx,0,8,89,32,00,00,8E,01,00,00,
72868721,00000109,false,Rx,0,8,00,00,00,00,00,00,00,00,
72868853,00000357,false,Rx,0,8,00,00,00,02,D3,01,00,00,
72918541,00000358,false,Rx,0,8,89,32,00,00,8E,01,00,00,
72968663,00000109,false,Rx,0,8,00,00,00,00,00,00,00,00,
72968837,00000357,false,Rx,0,8,00,00,00,02,D3,01,00,00,
73018667,00000358,false,Rx,0,8,89,32,00,00,8E,01,00,00,
73068614,00000109,false,Rx,0,8,00,00,00,00,00,00,00,00,
73068834,00000357,false,Rx,0,8,00,00,00,02,D3,01,00,00,
73118606,00000358,false,Rx,0,8,89,32,00,00,8E,01,00,00,
73168652,00000109,false,Rx,0,8,00,00,00,00,00,00,00,00,
73168830,00000357,false,Rx,0,8,00,00,00,02,D3,01,00,00,
73218527,00000358,false,Rx,0,8,89,32,00,00,8E,01,00,00,
73268682,00000109,false,Rx,0,8,00,00,00,00,00,00,00,00,
73268845,00000357,false,Rx,0,8,00,00,00,02,D3,01,00,00,
73318514,00000358,false,Rx,0,8,89,32,00,00,8E,01,00,00,
73368713,00000109,false,Rx,0,8,00,00,00,00,00,00,00,00,
73368817,00000357,false,Rx,0,8,00,00,00,02,D3,01,00,00,
73418510,00000358,false,Rx,0,8,89,32,00,00,8E,01,00,00,
73468640,00000109,false,Rx,0,8,00,00,00,00,00,00,00,00,
73468821,00000357,false,Rx,0,8,00,00,00,02,D3,01,00,00,
73518570,00000358,false,Rx,0,8,89,32,00,00,8E,01,00,00,
73568636,00000109,false,Rx,0,8,00,00,00,00,00,00,00,00,
73568822,00000357,false,Rx,0,8,00,00,00,02,D3,01,00,00,
73618647,00000358,false,Rx,0,8,89,32,00,00,8E,01,00,00,
73668706,00000109,false,Rx,0,8,00,00,00,00,00,00,00,00,
73668827,00000357,false,Rx,0,8,00,00,00,02,D3,01,00,00,
73718526,00000358,false,Rx,0,8,89,32,00,00,8E,01,00,00,
73768663,00000109,false,Rx,0,8,00,00,00,00,00,00,00,00,
73768821,00000357,false,Rx,0,8,00,00,00,02,D3,01,00,00,
73818519,00000358,false,Rx,0,8,89,32,00,00,8E,01,00,00,
73868733,00000109,false,Rx,0,8,00,00,00,00,00,00,00,00,
73868828,00000357,false,Rx,0,8,00,00,00,02,D3,01,00,00,
73918515,00000358,false,Rx,0,8,89,32,00,00,8E,01,00,00,
73968626,00000109,false,Rx,0,8,00,00,00,00,00,00,00,00,
73968805,00000357,false,Rx,0,8,00,00,00,02,D3,01,00,00,
73986630,000007DF,false,Rx,0,8,03,2A,07,D2,55,55,55,55,
73986919,000007E8,false,Rx,0,8,07,6A,07,D2,00,00,00,00,
74018681,00000358,false,Rx,0,8,89,32,00,00,8E,01,00,00,
74068635,00000109,false,Rx,0,8,00,00,00,00,00,00,00,00,
74068806,00000357,false,Rx,0,8,00,00,00,02,D3,01,00,00,
74118576,00000358,false,Rx,0,8,89,32,00,00,8E,01,00,00,
74168632,00000109,false,Rx,0,8,00,00,00,00,00,00,00,00,
74168808,00000357,false,Rx,0,8,00,00,00,02,D3,01,00,00,
74218512,00000358,false,Rx,0,8,89,32,00,00,8E,01,00,00,
74268680,00000109,false,Rx,0,8,00,00,00,00,00,00,00,00,
74268807,00000357,false,Rx,0,8,00,00,00,02,D3,01,00,00,
74318510,00000358,false,Rx,0,8,89,32,00,00,8E,01,00,00,
74368707,00000109,false,Rx,0,8,00,00,00,00,00,00,00,00,
74368805,00000357,false,Rx,0,8,00,00,00,02,D3,01,00,00,
74418509,00000358,false,Rx,0,8,89,32,00,00,8E,01,00,00,
74468612,00000109,false,Rx,0,8,00,00,00,00,00,00,00,00,
74468795,00000357,false,Rx,0,8,00,00,00,02,D3,01,00,00,
74518564,00000358,false,Rx,0,8,89,32,00,00,8E,01,00,00,
74568611,00000109,false,Rx,0,8,00,00,00,00,00,00,00,00,
74568796,00000357,false,Rx,0,8,00,00,00,02,D3,01,00,00,
74618693,00000358,false,Rx,0,8,89,32,00,00,8E,01,00,00,
74668691,00000109,false,Rx,0,8,00,00,00,00,00,00,00,00,
74668805,00000357,false,Rx,0,8,00,00,00,02,D3,01,00,00,
74718500,00000358,false,Rx,0,8,89,32,00,00,8E,01,00,00,
74768637,00000109,false,Rx,0,8,00,00,00,00,00,00,00,00,
74768806,00000357,false,Rx,0,8,00,00,00,02,D3,01,00,00,
74818498,00000358,false,Rx,0,8,89,32,00,00,8E,01,00,00,
74868703,00000109,false,Rx,0,8,00,00,00,00,00,00,00,00,
74868795,00000357,false,Rx,0,8,00,00,00,02,D3,01,00,00,
74918498,00000358,false,Rx,0,8,89,32,00,00,8E,01,00,00,
74968598,00000109,false,Rx,0,8,00,00,00,00,00,00,00,00,
74968776,00000357,false,Rx,0,8,00,00,00,02,D3,01,00,00,
75018653,00000358,false,Rx,0,8,89,32,00,00,8E,01,00,00,
75068585,00000109,false,Rx,0,8,00,00,00,00,00,00,00,00,
75068782,00000357,false,Rx,0,8,00,00,00,02,D3,01,00,00,
75118659,00000358,false,Rx,0,8,89,32,00,00,8E,01,00,00,
75168559,00000109,false,Rx,0,8,00,00,00,00,00,00,00,00,
75168777,00000357,false,Rx,0,8,00,00,00,02,D3,01,00,00,
75218562,00000358,false,Rx,0,8,89,32,00,00,8E,01,00,00,
75268578,00000109,false,Rx,0,8,00,00,00,00,00,00,00,00,
75268784,00000357,false,Rx,0,8,00,00,00,02,D3,01,00,00,
75318557,00000358,false,Rx,0,8,89,32,00,00,8E,01,00,00,
75368531,00000109,false,Rx,0,8,00,00,00,00,00,00,00,00,
75368777,00000357,false,Rx,0,8,00,00,00,02,D3,01,00,00,
75418622,00000358,false,Rx,0,8,89,32,00,00,8E,01,00,00,
75468532,00000109,false,Rx,0,8,00,00,00,00,00,00,00,00,
75468767,00000357,false,Rx,0,8,00,00,00,02,D3,01,00,00,
75518571,00000358,false,Rx,0,8,89,32,00,00,8E,01,00,00,
75568525,00000109,false,Rx,0,8,00,00,00,00,00,00,00,00,
75568764,00000357,false,Rx,0,8,00,00,00,02,D3,01,00,00,
75618554,00000358,false,Rx,0,8,89,32,00,00,8E,01,00,00,
75668665,00000109,false,Rx,0,8,00,00,00,00,00,00,00,00,
75668758,00000357,false,Rx,0,8,00,00,00,02,D3,01,00,00,
75718560,00000358,false,Rx,0,8,89,32,00,00,8E,01,00,00,
75768559,00000109,false,Rx,0,8,00,00,00,00,00,00,00,00,
75768760,00000357,false,Rx,0,8,00,00,00,02,D3,01,00,00,
75818533,00000358,false,Rx,0,8,89,32,00,00,8E,01,00,00,
75868515,00000109,false,Rx,0,8,00,00,00,00,00,00,00,00,
75868760,00000357,false,Rx,0,8,00,00,00,02,D3,01,00,00,
75918605,00000358,false,Rx,0,8,89,32,00,00,8E,01,00,00,
75968514,00000109,false,Rx,0,8,00,00,00,00,00,00,00,00,
75968755,00000357,false,Rx,0,8,00,00,00,02,D3,01,00,00,
75986631,000007DF,false,Rx,0,8,03,2A,07,D2,55,55,55,55,
75986914,000007E8,false,Rx,0,8,07,6A,07,D2,00,00,00,00,
76018645,00000358,false,Rx,0,8,89,32,00,00,8E,01,00,00,
76068512,00000109,false,Rx,0,8,00,00,00,00,00,00,00,00,
76068756,00000357,false,Rx,0,8,00,00,00,02,D3,01,00,00,
76118466,00000423,false,Rx,0,8,07,1D,00,02,5D,80,5D,D8,
76118643,00000358,false,Rx,0,8,89,32,00,00,8E,01,00,00,
76168581,00000109,false,Rx,0,8,00,00,00,00,00,00,00,00,
76168756,00000357,false,Rx,0,8,00,00,00,02,D3,01,00,00,
76218473,00000423,false,Rx,0,8,07,1D,00,02,5D,80,5D,D8,
76218625,00000358,false,Rx,0,8,89,32,00,00,8E,01,00,00,
76225617,00000630,false,Rx,0,8,00,00,00,00,00,00,00,00,
76230621,0000062D,false,Rx,0,8,00,00,00,00,00,00,00,00,
76235615,000006BD,false,Rx,0,8,00,00,00,00,00,00,00,00,
76240613,00000398,false,Rx,0,8,00,00,00,37,37,00,00,00,
76258000,00000377,false,Rx,0,8,00,00,00,00,28,28,28,20,
76268039,0000038A,false,Rx,0,8,4B,4D,95,00,04,00,00,00,
76268512,00000109,false,Rx,0,8,00,00,00,00,00,00,00,00,
76268750,00000357,false,Rx,0,8,00,00,00,02,D3,01,00,00,
76278001,00000377,false,Rx,0,8,00,00,00,00,28,28,28,20,
76278268,00000445,false,Rx,0,7,80,DF,55,65,04,82,00,00,
76287996,00000389,false,Rx,0,8,B1,00,00,4D,4D,00,00,00,
76298041,00000377,false,Rx,0,8,04,ED,00,00,46,46,44,20,
76308050,00000569,false,Rx,0,8,0A,00,00,00,00,00,00,00,
76317991,00000377,false,Rx,0,8,04,ED,00,00,46,46,44,20,
76318381,00000423,false,Rx,0,8,07,1D,00,02,5D,80,5D,D8,
76318629,00000358,false,Rx,0,8,89,32,62,01,8E,01,00,00,
76328014,00000568,false,Rx,0,8,00,02,80,00,00,00,08,80,
76337993,00000377,false,Rx,0,8,04,ED,00,00,46,46,44,20,
76340600,00000398,false,Rx,0,8,00,00,00,37,37,00,00,00,
76348010,00000563,false,Rx,0,8,00,00,00,02,02,00,00,00,
76357993,00000377,false,Rx,0,8,04,D5,00,00,46,46,44,20,
76367995,0000038A,false,Rx,0,8,4B,4D,95,00,04,00,00,00,
76368497,00000109,false,Rx,0,8,00,00,00,00,00,00,00,00,
76368748,00000357,false,Rx,0,8,00,00,00,02,D3,01,00,00,
76377998,00000377,false,Rx,0,8,04,B5,00,00,46,46,44,20,
76378281,00000445,false,Rx,0,7,80,DF,55,65,04,82,00,00,
76388000,00000389,false,Rx,0,8,B1,00,00,4D,4D,00,00,00,
76398135,00000377,false,Rx,0,8,04,B3,00,00,46,46,44,20,
76408069,00000664,false,Rx,0,8,01,83,06,32,F3,00,00,00,
76417998,00000377,false,Rx,0,8,04,A1,00,00,46,46,44,20,
76418378,00000423,false,Rx,0,8,07,1D,00,02,B2,80,B2,D8,
76418621,00000358,false,Rx,0,8,89,32,62,01,8E,01,00,00,
76423652,00000155,false,Rx,0,8,FF,4F,FF,94,FF,F8,03,FF,
76423892,00000424,false,Rx,0,8,FF,FF,FF,FF,7F,7F,AA,7F,
76424133,00000425,false,Rx,0,8,1D,FF,4C,FF,FF,FF,FD,FF,
76424358,000004AE,false,Rx,0,8,D2,B2,3C,A0,88,5A,78,FE,
76424529,00000659,false,Rx,0,4,FF,FF,FF,FF,00,00,00,00,
76424716,000004AF,false,Rx,0,5,FF,FF,FF,D0,00,00,00,00,
76428000,00000663,false,Rx,0,8,00,39,34,38,31,41,30,31,
76434822,00000155,false,Rx,0,8,FF,4F,FF,94,FF,F8,03,FF,
76437998,00000377,false,Rx,0,8,04,9F,00,00,46,46,44,20,
76440603,00000398,false,Rx,0,8,00,00,00,37,37,00,00,00,
76444752,00000155,false,Rx,0,8,FF,4F,FF,94,FF,F8,03,FF,
76454752,00000155,false,Rx,0,8,FF,4F,FF,94,FF,F8,03,FF,
76457995,00000377,false,Rx,0,8,04,A7,00,00,46,46,44,20,
76464844,00000155,false,Rx,0,8,FF,4F,FF,94,FF,F8,03,FF,
76468001,0000038A,false,Rx,0,8,4B,4D,95,00,04,00,00,00,
76468496,00000109,false,Rx,0,8,00,00,00,00,00,00,00,00,
76468745,00000357,false,Rx,0,8,00,00,00,02,D3,01,00,00,
76475009,00000155,false,Rx,0,8,FF,4F,FF,94,FF,F8,03,FF,
76477997,00000377,false,Rx,0,8,04,AF,00,00,46,46,44,20,
76478241,00000445,false,Rx,0,7,80,DF,AA,65,04,82,00,00,
76485210,00000155,false,Rx,0,8,FF,4F,FF,94,FF,F8,03,FF,
76487998,00000389,false,Rx,0,8,B1,00,00,4D,4D,00,00,00,
76495514,00000155,false,Rx,0,8,FF,4F,FF,94,FF,F8,03,FF,
76498021,00000377,false,Rx,0,8,04,B3,00,00,46,46,44,20,
76505676,00000155,false,Rx,0,8,FF,4F,FF,94,FF,F8,03,FF,
76508010,00000569,false,Rx,0,8,0A,00,00,00,00,00,00,00,
76515882,00000155,false,Rx,0,8,FF,4F,FF,94,FF,F8,03,FF,
76518038,00000377,false,Rx,0,8,04,B5,00,00,46,46,44,20,
76518385,00000423,false,Rx,0,8,07,1D,00,02,B2,80,B2,D8,
76518619,00000358,false,Rx,0,8,89,A3,62,01,8E,01,00,00,
76523775,00000155,false,Rx,0,8,FF,4F,FF,94,FF,F8,03,FF,
76524017,00000424,false,Rx,0,8,FF,FF,FF,FF,7F,7F,AA,7F,
76524256,00000425,false,Rx,0,8,1D,FF,4C,FF,FF,FF,FD,FF,
76528019,00000568,false,Rx,0,8,00,02,80,00,00,00,08,80,
76533738,00000155,false,Rx,0,8,FF,4F,FF,94,FF,F8,03,FF,
76538001,00000377,false,Rx,0,8,04,B7,00,00,46,46,44,20,
76540604,00000398,false,Rx,0,8,00,00,00,37,37,00,00,00,
76543726,00000155,false,Rx,0,8,FF,4F,FF,94,FF,F8,03,FF,
76548014,00000563,false,Rx,0,8,00,00,00,0A,02,08,00,00,
76553728,00000155,false,Rx,0,8,FF,4F,FF,94,FF,F8,03,FF,
76558002,00000377,false,Rx,0,8,04,B7,00,00,46,46,44,20,
76563761,00000155,false,Rx,0,8,FF,4F,FF,94,FF,F8,03,FF,
76567999,0000038A,false,Rx,0,8,4B,4D,95,00,04,00,00,00,
76568499,00000109,false,Rx,0,8,00,00,00,00,00,00,00,00,
76568740,00000357,false,Rx,0,8,00,00,00,02,D3,01,00,00,
76573799,00000155,false,Rx,0,8,FF,4F,FF,94,FF,F8,03,FF,
76578001,00000377,false,Rx,0,8,04,B9,00,00,46,46,44,20,
76578260,00000445,false,Rx,0,7,80,DF,AA,65,04,82,00,00,
76583798,00000155,false,Rx,0,8,FF,4F,FF,94,FF,F8,03,FF,
76588008,00000389,false,Rx,0,8,B1,00,00,4D,4D,00,00,00,
76593762,00000155,false,Rx,0,8,FF,4F,FF,94,FF,F8,03,FF,
76598007,00000377,false,Rx,0,8,04,B7,00,00,46,46,44,20,
76603746,00000155,false,Rx,0,8,FF,4F,FF,94,FF,F8,03,FF,
76613812,00000155,false,Rx,0,8,FF,4F,FF,94,FF,F8,03,FF,
76618108,00000377,false,Rx,0,8,04,B5,00,00,46,46,44,20,
76618389,00000423,false,Rx,0,8,07,1D,00,02,B2,80,B2,D8,
76618614,00000358,false,Rx,0,8,89,A3,62,01,8E,01,00,00,
76623818,00000155,false,Rx,0,8,FF,4F,FF,94,FF,F8,03,FF,
76624008,00000424,false,Rx,0,8,11,40,FF,FF,7F,6C,AA,7F,
76624245,00000425,false,Rx,0,8,1D,FF,44,FF,FF,FF,FD,FF,
76633731,00000155,false,Rx,0,8,FF,4F,FF,94,FF,F8,03,FF,
76638008,00000377,false,Rx,0,8,04,B5,00,00,46,46,44,20,
76640672,00000398,false,Rx,0,8,00,00,00,37,37,00,00,00,
76643764,00000155,false,Rx,0,8,FF,4F,FF,94,FF,F8,03,FF,
76653773,00000155,false,Rx,0,8,FF,4F,FF,94,FF,F8,03,FF,
76658006,00000377,false,Rx,0,8,04,B3,00,00,46,46,44,20,
76663793,00000155,false,Rx,0,8,FF,4F,FF,94,FF,F8,03,FF,
76668004,0000038A,false,Rx,0,8,4B,4D,95,00,04,00,00,00,
76668495,00000109,false,Rx,0,8,00,00,00,00,00,00,00,00,
76668737,00000357,false,Rx,0,8,00,00,00,02,D3,01,00,00,
76673759,00000155,false,Rx,0,8,FF,4F,FF,94,FF,F8,03,FF,
76678007,00000377,false,Rx,0,8,04,B3,00,00,46,46,44,20,
76678280,00000445,false,Rx,0,7,80,DF,AA,65,04,82,00,00,
76683794,00000155,false,Rx,0,8,FF,4F,FF,94,FF,F8,03,FF,
76688011,00000389,false,Rx,0,8,B1,00,00,4D,4D,00,00,00,
76693794,00000155,false,Rx,0,8,FF,4F,FF,94,FF,F8,03,FF,
76698006,00000377,false,Rx,0,8,04,B3,00,00,46,46,44,20,
76703776,00000155,false,Rx,0,8,FF,4F,FF,94,FF,F8,03,FF,
76708092,00000569,false,Rx,0,8,0A,00,00,00,00,00,00,00,
76713771,00000155,false,Rx,0,8,FF,4F,FF,94,FF,F8,03,FF,
76718040,00000377,false,Rx,0,8,04,B3,00,00,46,46,44,20,
76718387,00000423,false,Rx,0,8,07,1D,00,02,B2,80,B2,D8,
76718619,00000358,false,Rx,0,8,89,A3,62,01,8E,01,00,00,
76723765,00000155,false,Rx,0,8,FF,4F,FF,94,FF,F8,03,FF,
76724001,00000424,false,Rx,0,8,11,40,FF,FF,7F,6C,AA,7F,
76724243,00000425,false,Rx,0,8,1D,FF,44,FF,FF,FF,FD,FF,
76725607,00000630,false,Rx,0,8,00,00,00,00,00,00,00,00,
76728027,00000568,false,Rx,0,8,00,02,80,00,00,00,08,80,
76730607,0000062D,false,Rx,0,8,00,00,00,00,00,00,00,00,
76733730,00000155,false,Rx,0,8,FF,4F,FF,94,FF,F8,03,FF,
76735602,000006BD,false,Rx,0,8,00,00,00,00,00,00,00,00,
76738009,00000377,false,Rx,0,8,04,B3,00,00,46,46,44,20,
76740595,00000398,false,Rx,0,8,00,00,00,37,37,00,00,00,
76743718,00000155,false,Rx,0,8,FF,4F,FF,94,FF,F8,03,FF,
76748019,00000563,false,Rx,0,8,00,20,00,0A,02,08,00,00,
76753720,00000155,false,Rx,0,8,FF,4F,FF,94,FF,F8,03,FF,
76758009,00000377,false,Rx,0,8,04,B1,00,00,46,46,44,20,
76763754,00000155,false,Rx,0,8,FF,4F,FF,94,FF,F8,03,FF,
76768060,0000038A,false,Rx,0,8,4B,4D,95,00,04,00,00,00,
76768489,00000109,false,Rx,0,8,00,00,00,00,00,00,00,00,
76768737,00000357,false,Rx,0,8,00,00,00,02,D3,01,00,00,
76773786,00000155,false,Rx,0,8,FF,4F,FF,94,FF,F8,03,FF,
76778004,00000377,false,Rx,0,8,04,B1,00,00,46,46,44,22,
76778251,00000445,false,Rx,0,7,80,DF,AA,65,04,82,00,00,
76783787,00000155,false,Rx,0,8,FF,4F,FF,94,FF,F8,03,FF,
76788013,00000389,false,Rx,0,8,B1,00,00,4D,4D,40,00,00,
76793745,00000155,false,Rx,0,8,FF,4F,FF,94,FF,F8,03,FF,
76798005,00000377,false,Rx,0,8,04,B1,00,28,46,46,44,22,
76803705,00000155,false,Rx,0,8,FF,4F,FF,94,FF,F8,03,FF,
76813791,00000155,false,Rx,0,8,FF,4F,FF,94,FF,F8,03,FF,
76818001,00000377,false,Rx,0,8,04,D5,02,9B,46,46,44,22,
76818373,00000423,false,Rx,0,8,07,1D,00,02,B2,80,B2,D8,
76818614,00000358,false,Rx,0,8,89,A3,62,01,8E,01,00,00,
76823760,00000155,false,Rx,0,8,FF,4F,FF,94,FF,F8,03,FF,
76823997,00000424,false,Rx,0,8,11,40,FF,FF,7F,6C,AA,7F,
76824239,00000425,false,Rx,0,8,1D,FF,44,FF,FF,FF,FD,FF,
76833722,00000155,false,Rx,0,8,FF,4F,FF,94,FF,F8,03,FF,
76838008,00000377,false,Rx,0,8,05,03,03,C3,46,46,44,22,
76840587,00000398,false,Rx,0,8,00,00,00,37,37,00,00,00,
76843715,00000155,false,Rx,0,8,FF,4F,FF,94,FF,F8,03,FF,
76853712,00000155,false,Rx,0,8,FF,4F,FF,94,FF,F8,03,FF,
76858001,00000377,false,Rx,0,8,05,35,04,52,46,46,44,22,
76863778,00000155,false,Rx,0,8,FF,4F,FF,94,FF,F8,03,FF,
76868017,0000038A,false,Rx,0,8,4B,4D,95,00,04,00,00,00,
76868484,00000109,false,Rx,0,8,00,00,00,00,00,00,00,00,
76868734,00000357,false,Rx,0,8,00,00,00,02,D3,01,00,00,
76873748,00000155,false,Rx,0,8,FF,4F,FF,94,FF,F8,03,FF,
76878008,00000377,false,Rx,0,8,05,67,04,7A,46,46,44,22,
76878230,00000445,false,Rx,0,7,80,DF,AA,65,04,82,00,00,
76883780,00000155,false,Rx,0,8,FF,4F,FF,94,FF,F8,03,FF,
76888016,00000389,false,Rx,0,8,B1,00,00,4D,4D,40,00,00,
76893778,00000155,false,Rx,0,8,FF,4F,FF,94,FF,F8,03,FF,
76898002,00000377,false,Rx,0,8,05,8B,03,B4,46,46,44,22,
15855657,00000155,false,Rx,0,8,FF,4F,FF,94,FF,F8,03,FF,
15859831,00000569,false,Rx,0,8,AA,00,00,00,00,00,00,00,
15860084,00000664,false,Rx,0,8,01,83,06,32,F3,00,00,00,
15865522,00000155,false,Rx,0,8,FF,4F,FF,94,FF,F8,03,FF,
15869813,00000377,false,Rx,0,8,05,95,02,DB,46,46,44,22,
15870163,00000423,false,Rx,0,8,07,1D,00,02,5D,80,5D,D8,
15870404,00000358,false,Rx,0,8,89,A3,62,01,8E,01,00,00,
15875548,00000155,false,Rx,0,8,FF,4F,FF,94,FF,F8,03,FF,
15875787,00000424,false,Rx,0,8,11,40,FF,FF,7F,6C,55,7F,
15876028,00000425,false,Rx,0,8,1D,FF,44,FF,FF,FF,FD,FF,
15879823,00000568,false,Rx,0,8,00,02,80,00,00,00,08,80,
15880094,00000663,false,Rx,0,8,01,33,30,30,00,00,00,00,
15885513,00000155,false,Rx,0,8,FF,4F,FF,94,FF,F8,03,FF,
15889799,00000377,false,Rx,0,8,05,99,02,82,46,46,44,22,
15892377,00000398,false,Rx,0,8,00,00,00,37,37,00,00,00,
15895503,00000155,false,Rx,0,8,FF,4F,FF,94,FF,F8,03,FF,
15899819,00000563,false,Rx,0,8,00,20,00,AA,02,08,00,00,
15905495,00000155,false,Rx,0,8,FF,4F,FF,94,FF,F8,03,FF,
15909803,00000377,false,Rx,0,8,05,9D,02,56,46,46,44,22,
15915566,00000155,false,Rx,0,8,FF,4F,FF,94,FF,F8,03,FF,
15919813,0000038A,false,Rx,0,8,4B,4D,95,00,04,00,00,00,
15920274,00000109,false,Rx,0,8,00,00,00,00,00,00,00,00,
15920526,00000357,false,Rx,0,8,00,00,00,02,D3,01,00,00,
15925574,00000155,false,Rx,0,8,FF,4F,FF,94,FF,F8,03,FF,
15929796,00000377,false,Rx,0,8,05,9D,02,33,46,46,44,22,
15930036,00000445,false,Rx,0,7,80,DF,55,65,04,82,00,00,
15935534,00000155,false,Rx,0,8,FF,4F,FF,94,FF,F8,03,FF,
15939817,00000389,false,Rx,0,8,B1,00,00,4D,4D,40,00,00,
15945535,00000155,false,Rx,0,8,FF,4F,FF,94,FF,F8,03,FF,
15949882,00000377,false,Rx,0,8,05,9D,02,24,46,46,44,22,
15955585,00000155,false,Rx,0,8,FF,4F,FF,94,FF,F8,03,FF,
15965538,00000155,false,Rx,0,8,FF,4F,FF,94,FF,F8,03,FF,
15969900,00000377,false,Rx,0,8,05,9D,02,15,46,46,44,22,
15970171,00000423,false,Rx,0,8,07,1D,00,02,5D,80,5D,D8,
15970415,00000358,false,Rx,0,8,89,A3,62,01,8E,01,00,00,
15975563,00000155,false,Rx,0,8,FF,47,C7,94,FF,F8,02,C7,
15975802,00000424,false,Rx,0,8,11,40,FF,FF,7F,6C,55,7F,
15976045,00000425,false,Rx,0,8,1D,FF,44,FF,FF,FF,FD,FF,
15985541,00000155,false,Rx,0,8,FF,47,C7,94,FF,F8,02,C7,
15989823,00000377,false,Rx,0,8,05,9D,02,02,46,46,44,22,
15992393,00000398,false,Rx,0,8,00,00,00,37,37,00,00,00,
15995567,00000155,false,Rx,0,8,FF,47,C7,94,FF,F8,02,C7,
16005604,00000155,false,Rx,0,8,FF,47,C7,94,FF,F8,02,C7,
16009801,00000377,false,Rx,0,8,05,9D,01,EE,46,46,44,22,
16015549,00000155,false,Rx,0,8,FF,47,C7,94,FF,F8,02,C7,
16019821,0000038A,false,Rx,0,8,4B,4D,95,00,04,00,00,00,
16020269,00000109,false,Rx,0,8,00,00,00,00,00,00,00,00,
16020523,00000357,false,Rx,0,8,00,00,00,02,D3,01,00,00,
16025548,00000155,false,Rx,0,8,FF,47,C7,94,FF,F8,02,C7,
16029802,00000377,false,Rx,0,8,05,9D,01,EE,46,46,44,22,
16030029,00000445,false,Rx,0,7,80,DF,55,65,04,82,00,00,
16035580,00000155,false,Rx,0,8,41,47,C7,94,54,C0,02,C7,
16039812,00000389,false,Rx,0,8,B1,00,00,4D,4D,40,00,00,
16045580,00000155,false,Rx,0,8,41,47,C8,94,54,C0,02,C7,
16049802,00000377,false,Rx,0,8,05,9D,01,E9,46,46,44,22,
16055579,00000155,false,Rx,0,8,41,47,C8,94,54,C0,02,C7,
16059830,00000569,false,Rx,0,8,AA,00,00,00,00,00,00,00,
16065528,00000155,false,Rx,0,8,41,47,C8,94,54,C0,02,C7,
16069869,00000377,false,Rx,0,8,05,9D,01,DF,46,46,44,22,
16070156,00000423,false,Rx,0,8,07,1D,00,02,5D,80,5D,D8,
16070397,00000358,false,Rx,0,8,89,36,62,01,8E,01,00,00,
16075563,00000155,false,Rx,0,8,41,47,C7,94,54,C0,02,C7,
16075782,00000424,false,Rx,0,8,11,40,56,81,39,6C,55,3B,
16076016,00000425,false,Rx,0,8,1C,B6,44,FF,FE,1C,E1,0D,
16079826,00000568,false,Rx,0,8,00,02,80,00,00,00,08,80,
16085516,00000155,false,Rx,0,8,41,47,C7,94,54,C0,02,C7,
16089808,00000377,false,Rx,0,8,05,9D,01,D5,46,46,44,22,
16092374,00000398,false,Rx,0,8,00,00,00,37,37,00,00,00,
16095506,00000155,false,Rx,0,8,41,47,C8,94,54,C0,02,C7,
16099828,00000563,false,Rx,0,8,00,20,00,AA,02,08,00,00,
16105507,00000155,false,Rx,0,8,41,47,C8,94,54,C0,02,C7,
16109805,00000377,false,Rx,0,8,05,9D,01,C7,46,46,44,22,
16115573,00000155,false,Rx,0,8,41,47,C8,94,54,C0,02,C7,
16119815,0000038A,false,Rx,0,8,4B,4D,95,00,04,00,00,00,
16120267,00000109,false,Rx,0,8,00,00,00,00,00,00,00,00,
16120516,00000357,false,Rx,0,8,00,00,00,02,D3,01,00,00,
16125576,00000155,false,Rx,0,8,41,47,C7,94,54,C0,02,C7,
16129806,00000377,false,Rx,0,8,05,9D,01,C2,46,46,44,22,
16130028,00000445,false,Rx,0,7,80,DF,55,65,04,82,00,00,
16135542,00000155,false,Rx,0,8,41,47,C8,94,54,C0,02,C7,
16139816,00000389,false,Rx,0,8,B1,00,00,4D,4D,40,00,00,
16145582,00000155,false,Rx,0,8,41,47,C8,94,54,C0,02,C7,
16149807,00000377,false,Rx,0,8,05,9D,01,C7,46,46,44,22,
16155505,00000155,false,Rx,0,8,41,47,C8,94,54,C0,02,C7,
16165518,00000155,false,Rx,0,8,41,47,C8,94,54,C0,02,C7,
16169807,00000377,false,Rx,0,8,05,9D,01,C7,46,46,44,22,
16170160,00000423,false,Rx,0,8,07,1D,00,02,5D,80,5D,D8,
16170391,00000358,false,Rx,0,8,89,36,62,01,8E,01,00,00,
16175608,00000155,false,Rx,0,8,41,47,C8,94,54,C0,02,C7,
16175778,00000424,false,Rx,0,8,11,40,56,81,39,6C,55,3B,
16176034,00000425,false,Rx,0,8,1C,B6,44,FF,FE,1C,E1,0D,
16177378,00000630,false,Rx,0,8,00,00,00,00,00,00,00,00,
16182380,0000062D,false,Rx,0,8,00,00,00,00,00,00,00,00,
16185512,00000155,false,Rx,0,8,41,47,C8,94,54,C0,02,C7,
16187376,000006BD,false,Rx,0,8,00,00,00,00,00,00,00,00,
16189814,00000377,false,Rx,0,8,05,9D,01,BD,46,46,44,22,
16192368,00000398,false,Rx,0,8,00,00,00,37,37,00,00,00,
16195505,00000155,false,Rx,0,8,41,47,C8,94,54,C0,02,C7,
16205502,00000155,false,Rx,0,8,41,47,C8,94,54,C0,02,C7,
16209809,00000377,false,Rx,0,8,05,9D,01,C2,46,46,44,22,
16215541,00000155,false,Rx,0,8,41,47,C8,94,54,C0,02,C7,
16219866,0000038A,false,Rx,0,8,4B,4D,95,00,04,00,00,00,
16220283,00000109,false,Rx,0,8,00,00,00,00,00,00,00,00,
16220532,00000357,false,Rx,0,8,00,00,00,02,D3,01,00,00,
16225574,00000155,false,Rx,0,8,41,47,C7,94,54,C0,02,C7,
16229807,00000377,false,Rx,0,8,05,9D,01,C2,46,46,44,22,
16230043,00000445,false,Rx,0,7,80,DF,55,65,04,82,00,00,
16235612,00000155,false,Rx,0,8,41,47,C8,94,54,C0,02,C7,
16239934,00000389,false,Rx,0,8,B1,00,00,4D,4D,40,00,00,
16245610,00000155,false,Rx,0,8,41,47,C8,94,54,C0,02,C7,
16249815,00000377,false,Rx,0,8,05,9D,01,C2,46,46,44,22,
16255534,00000155,false,Rx,0,8,41,47,C8,94,54,C0,02,C7,
16259837,00000569,false,Rx,0,8,AA,00,80,02,00,00,00,00,
16265505,00000155,false,Rx,0,8,41,47,C8,94,54,C0,02,C7,
16269839,00000377,false,Rx,0,8,05,9D,01,BD,46,46,44,22,
16270158,00000423,false,Rx,0,8,07,1D,00,02,5D,80,5D,D8,
16270391,00000358,false,Rx,0,8,89,36,62,01,8E,01,00,00,
16275570,00000155,false,Rx,0,8,41,47,C8,94,54,C0,02,C7,
16275777,00000424,false,Rx,0,8,11,40,56,81,39,6C,55,3B,
16276011,00000425,false,Rx,0,8,1C,B6,44,FF,FE,1C,E1,0D,
16279836,00000568,false,Rx,0,8,00,02,80,02,00,00,08,80,
16285510,00000155,false,Rx,0,8,41,47,C8,94,54,C0,02,C7,
16289819,00000377,false,Rx,0,8,05,9D,01,B3,46,46,44,22,
16292368,00000398,false,Rx,0,8,00,00,00,37,37,00,00,00,
16295501,00000155,false,Rx,0,8,41,47,C8,94,54,C0,02,C7,
16299833,00000563,false,Rx,0,8,00,20,00,AA,02,08,00,00,
16305500,00000155,false,Rx,0,8,41,47,C8,94,54,C0,02,C7,
16309817,00000377,false,Rx,0,8,05,9D,01,B3,46,46,44,22,
16315569,00000155,false,Rx,0,8,41,47,C8,94,54,C0,02,C8,
16319826,0000038A,false,Rx,0,8,4B,4D,95,00,04,00,00,00,
16320263,00000109,false,Rx,0,8,00,00,00,00,00,00,00,00,
16320513,00000357,false,Rx,0,8,00,00,00,02,D3,01,00,00,
16325572,00000155,false,Rx,0,8,41,47,C8,94,54,C0,02,C7,
16329820,00000377,false,Rx,0,8,05,9D,01,AE,46,46,44,22,
16330058,00000445,false,Rx,0,7,80,DF,55,65,04,82,00,00,
16335571,00000155,false,Rx,0,8,41,47,C8,94,54,C0,02,C7,
16339819,00000389,false,Rx,0,8,B1,00,00,4D,4D,40,00,00,
16345534,00000155,false,Rx,0,8,41,47,C8,94,54,C0,02,C7,
16349817,00000377,false,Rx,0,8,05,9D,01,A9,46,46,44,22,
16355496,00000155,false,Rx,0,8,41,47,C8,94,54,C0,02,C7,
16359835,00000664,false,Rx,0,8,01,83,06,32,F3,00,00,00,
16365505,00000155,false,Rx,0,8,41,47,C8,94,54,C0,02,C7,
16369818,00000377,false,Rx,0,8,05,9D,01,A9,46,46,44,22,
16370153,00000423,false,Rx,0,8,07,1D,00,02,5D,80,5D,D8,
16370394,00000358,false,Rx,0,8,89,36,62,01,8E,01,00,00,
16375869,00000155,false,Rx,0,8,41,47,C8,94,54,C0,02,C8,
16376064,00000424,false,Rx,0,8,11,40,56,81,39,6C,55,3B,
16376299,00000425,false,Rx,0,8,1C,B6,44,FF,FE,1C,E1,0D,
16379898,00000663,false,Rx,0,8,02,00,00,00,00,00,00,00,
16385506,00000155,false,Rx,0,8,41,47,C8,94,54,C0,02,C7,
16389825,00000377,false,Rx,0,8,05,9D,01,9F,46,46,44,22,
16392364,00000398,false,Rx,0,8,00,00,00,37,37,00,00,00,
16395423,00000155,false,Rx,0,8,41,47,C8,94,54,C0,02,C7,
16406883,00000155,false,Rx,0,8,41,47,C8,54,54,C0,02,C7,
16409821,00000377,false,Rx,0,8,05,9D,01,9F,46,46,44,22,
16415461,00000155,false,Rx,0,8,41,47,C8,54,54,C0,02,C7,
16419831,0000038A,false,Rx,0,8,4B,4D,95,00,04,00,00,00,
16420261,00000109,false,Rx,0,8,00,00,00,00,00,00,00,00,
16420511,00000357,false,Rx,0,8,00,00,00,02,D3,01,00,00,
16425494,00000155,false,Rx,0,8,41,47,C8,54,54,C0,02,C7,
16429820,00000377,false,Rx,0,8,05,9D,01,A4,46,46,44,22,
16430058,00000445,false,Rx,0,7,80,DF,55,65,04,82,00,00,
16435459,00000155,false,Rx,0,8,41,47,C8,54,54,C0,02,C7,
16439833,00000389,false,Rx,0,8,B1,00,00,4D,4D,40,00,00,
16445456,00000155,false,Rx,0,8,41,47,C8,54,54,C0,02,C7,
16449861,00000377,false,Rx,0,8,05,9D,01,A4,46,46,44,22,
16455491,00000155,false,Rx,0,8,41,47,C9,54,54,C0,02,C7,
16459841,00000569,false,Rx,0,8,AA,00,80,02,00,00,00,00,
16465425,00000155,false,Rx,0,8,41,47,C8,54,54,C0,02,C7,
16469877,00000377,false,Rx,0,8,05,9D,01,A4,46,46,44,22,
16470158,00000423,false,Rx,0,8,07,1D,00,02,B2,80,B2,D8,
16470384,00000358,false,Rx,0,8,89,36,62,01,8E,01,00,00,
16475472,00000155,false,Rx,0,8,41,47,C8,54,54,C0,02,C7,
16475718,00000424,false,Rx,0,8,11,40,56,81,39,6C,AA,3B,
16475917,00000425,false,Rx,0,8,24,B6,44,9C,42,1C,E1,0D,
16479898,00000568,false,Rx,0,8,00,02,80,0A,00,00,08,80,
16485585,00000155,false,Rx,0,8,41,47,C8,54,54,C0,02,C7,
16489866,00000377,false,Rx,0,8,05,9D,01,9F,46,46,44,22,
16492415,00000398,false,Rx,0,8,00,00,00,37,37,00,00,00,
16495418,00000155,false,Rx,0,8,41,47,C8,54,54,C0,02,C7,
16499834,00000563,false,Rx,0,8,0A,2A,00,AA,82,0A,00,00,
16505419,00000155,false,Rx,0,8,41,47,C8,54,54,C0,02,C7,
16509820,00000377,false,Rx,0,8,05,9D,01,9F,46,46,44,22,
16515487,00000155,false,Rx,0,8,41,47,C8,54,54,C0,02,C7,
16519831,0000038A,false,Rx,0,8,4B,4D,95,00,04,00,00,00,
16520257,00000109,false,Rx,0,8,00,00,00,00,00,00,00,00,
16520505,00000357,false,Rx,0,8,00,00,00,02,D3,01,00,00,
16525489,00000155,false,Rx,0,8,41,47,C8,54,54,C0,02,C7,
16529823,00000377,false,Rx,0,8,05,9D,01,9A,46,46,44,22,
16530063,00000445,false,Rx,0,7,80,DF,AA,65,04,82,00,00,
16535452,00000155,false,Rx,0,8,41,47,C8,54,54,C0,02,C7,
16539832,00000389,false,Rx,0,8,B1,00,00,4D,4D,40,00,00,
16545508,00000155,false,Rx,0,8,41,47,C8,54,54,C0,02,C8,
16549828,00000377,false,Rx,0,8,05,9D,01,9A,46,46,44,22,
16555414,00000155,false,Rx,0,8,41,47,C8,54,54,C0,02,C7,
16565486,00000155,false,Rx,0,8,41,47,C9,54,54,C0,02,C7,
16569882,00000377,false,Rx,0,8,05,9D,01,9A,46,46,44,22,
16570149,00000423,false,Rx,0,8,07,1D,00,02,B2,80,B2,D8,
16570382,00000358,false,Rx,0,8,89,36,62,01,8E,01,00,00,
16575463,00000155,false,Rx,0,8,41,47,C9,54,54,C0,02,C7,
16575691,00000424,false,Rx,0,8,11,40,56,81,39,6C,AA,3B,
16575914,00000425,false,Rx,0,8,24,B6,44,9C,42,1C,E1,0D,
16585450,00000155,false,Rx,0,8,41,47,C8,54,54,C0,02,C7,
16589822,00000377,false,Rx,0,8,05,9D,01,95,46,46,44,22,
16592361,00000398,false,Rx,0,8,00,00,00,37,37,00,00,00,
16595412,00000155,false,Rx,0,8,41,47,C8,54,54,C0,02,C7,
16605411,00000155,false,Rx,0,8,41,47,C8,54,54,C0,02,C7,
16609826,00000377,false,Rx,0,8,05,9D,01,95,46,46,44,22,
16615446,00000155,false,Rx,0,8,41,47,C8,54,54,C0,02,C7,
16619836,0000038A,false,Rx,0,8,4B,4D,95,00,04,00,00,00,
16620252,00000109,false,Rx,0,8,00,00,00,00,00,00,00,00,
16620500,00000357,false,Rx,0,8,00,00,00,02,D3,01,00,00,
16625449,00000155,false,Rx,0,8,41,47,C8,54,54,C0,02,C7,
16629824,00000377,false,Rx,0,8,05,9D,01,90,46,46,44,22,
16630043,00000445,false,Rx,0,7,80,DF,AA,65,04,82,00,00,
16635481,00000155,false,Rx,0,8,41,47,C8,54,54,C0,02,C8,
16639835,00000389,false,Rx,0,8,B1,00,00,4D,4D,40,00,00,
16645462,00000155,false,Rx,0,8,41,47,C8,54,54,C0,02,C7,
16649833,00000377,false,Rx,0,8,05,9D,01,90,46,46,44,22,
16655443,00000155,false,Rx,0,8,41,47,C8,54,54,C0,02,C7,
16659847,00000569,false,Rx,0,8,AA,00,80,02,00,00,00,00,
16665412,00000155,false,Rx,0,8,41,47,C8,54,54,C0,02,C7,
16669825,00000377,false,Rx,0,8,05,9D,01,9A,46,46,44,22,
16670140,00000423,false,Rx,0,8,07,1D,00,02,B2,80,B2,D8,
16670396,00000358,false,Rx,0,8,89,36,62,01,8E,01,00,00,
16675454,00000155,false,Rx,0,8,41,47,C9,54,54,C0,02,C7,
16675686,00000424,false,Rx,0,8,11,40,56,81,39,6C,AA,3B,
16675911,00000425,false,Rx,0,8,24,B6,44,9C,42,1C,E1,0D,
16677371,00000630,false,Rx,0,8,00,00,00,00,00,00,00,00,
16679847,00000568,false,Rx,0,8,00,02,80,0A,00,00,08,80,
16682367,0000062D,false,Rx,0,8,00,00,00,00,00,00,00,00,
16685500,00000155,false,Rx,0,8,41,47,C8,54,54,C0,02,C8,
16687370,000006BD,false,Rx,0,8,00,00,00,00,00,00,00,00,
16689835,00000377,false,Rx,0,8,05,9D,01,95,46,46,44,22,
16692353,00000398,false,Rx,0,8,00,00,00,37,37,00,00,00,
16695408,00000155,false,Rx,0,8,41,47,C8,54,54,C0,02,C7,
16699861,00000563,false,Rx,0,8,0A,2A,00,AA,82,0A,00,00,
16705423,00000155,false,Rx,0,8,41,47,C8,54,54,C0,02,C7,
16709824,00000377,false,Rx,0,8,05,9D,01,9A,46,46,44,22,
16715476,00000155,false,Rx,0,8,41,47,C8,54,54,C0,02,C7,
16719890,0000038A,false,Rx,0,8,4B,4D,95,00,04,00,00,00,
16720270,00000109,false,Rx,0,8,00,00,00,00,00,00,00,00,
16720498,00000357,false,Rx,0,8,00,00,00,02,D3,01,00,00,
16725477,00000155,false,Rx,0,8,41,47,C8,54,54,C0,02,C7,
16729831,00000377,false,Rx,0,8,05,9D,01,9F,46,46,44,22,
16730052,00000445,false,Rx,0,7,80,DF,AA,65,04,82,00,00,
16735498,00000155,false,Rx,0,8,41,47,C8,54,54,C0,02,C7,
16739944,00000389,false,Rx,0,8,B1,00,00,4D,4D,40,00,00,
16745478,00000155,false,Rx,0,8,41,47,C8,54,54,C0,02,C7,
16749827,00000377,false,Rx,0,8,05,9D,01,9F,46,46,44,22,
16755404,00000155,false,Rx,0,8,41,47,C8,54,54,C0,02,C7,
16765446,00000155,false,Rx,0,8,41,47,C8,54,54,C0,02,C7,
16769833,00000377,false,Rx,0,8,05,9D,01,A4,46,46,44,22,
16770141,00000423,false,Rx,0,8,07,1D,00,02,B2,80,B2,D8,
16770379,00000358,false,Rx,0,8,89,36,62,01,8E,01,00,00,
16775454,00000155,false,Rx,0,8,41,47,C8,54,54,C0,02,C7,
16775688,00000424,false,Rx,0,8,11,40,56,81,39,6C,AA,3B,
16775908,00000425,false,Rx,0,8,24,B6,44,9C,42,1C,E1,0D,
16785450,00000155,false,Rx,0,8,41,47,C8,54,54,C0,02,C7,
16789839,00000377,false,Rx,0,8,05,9D,01,9F,46,46,44,22,
16792367,00000398,false,Rx,0,8,00,00,00,37,37,00,00,00,
16795430,00000155,false,Rx,0,8,41,47,C8,54,54,C0,02,C7,
16805437,00000155,false,Rx,0,8,41,47,C8,54,54,C0,02,C7,
16809837,00000377,false,Rx,0,8,05,9D,01,9A,46,46,44,22,
16815438,00000155,false,Rx,0,8,41,47,C8,54,54,C0,02,C7,
16819847,0000038A,false,Rx,0,8,4B,4D,95,00,04,00,00,00,
16820248,00000109,false,Rx,0,8,00,00,00,00,00,00,00,00,
16820496,00000357,false,Rx,0,8,00,00,00,02,D3,01,00,00,
16825443,00000155,false,Rx,0,8,41,47,C8,54,54,C0,02,C7,
16829837,00000377,false,Rx,0,8,05,9D,01,95,46,46,44,22,
16830078,00000445,false,Rx,0,7,80,DF,AA,65,04,82,00,00,
16835478,00000155,false,Rx,0,8,41,47,C8,54,54,C0,02,C7,
16839846,00000389,false,Rx,0,8,B1,00,00,4D,4D,40,00,00,
16845439,00000155,false,Rx,0,8,41,47,C8,54,54,C0,02,C7,
16849838,00000377,false,Rx,0,8,05,9D,01,95,46,46,44,22,
16855438,00000155,false,Rx,0,8,41,47,C8,54,54,C0,02,C7,
16859858,00000569,false,Rx,0,8,AA,00,80,02,00,00,00,00,
16860123,00000664,false,Rx,0,8,01,83,06,32,F3,00,00,00,
16865409,00000155,false,Rx,0,8,41,47,C8,54,54,C0,02,C7,
16869839,00000377,false,Rx,0,8,05,9D,01,95,46,46,44,22,
16870138,00000423,false,Rx,0,8,07,1D,00,02,B2,80,B2,D8,
16870382,00000358,false,Rx,0,8,89,36,62,01,8E,01,00,00,
16875517,00000155,false,Rx,0,8,41,47,C9,54,54,C0,02,C7,
16875752,00000424,false,Rx,0,8,11,40,56,81,39,6C,AA,3B,
16875972,00000425,false,Rx,0,8,24,B6,44,9C,42,1C,E1,0D,
16879866,00000568,false,Rx,0,8,00,02,80,0A,00,00,08,80,
16880112,00000663,false,Rx,0,8,00,39,34,38,31,41,30,31,
16885418,00000155,false,Rx,0,8,41,47,C8,54,54,C0,02,C7,
16889857,00000377,false,Rx,0,8,05,9D,01,90,46,46,44,22,
16892359,00000398,false,Rx,0,8,00,00,00,37,37,00,00,00,
16895415,00000155,false,Rx,0,8,41,47,C9,54,54,C0,02,C7,
16899858,00000563,false,Rx,0,8,0A,2A,00,AA,82,0A,00,00,
16905404,00000155,false,Rx,0,8,41,47,C8,54,54,C0,02,C7,
16909843,00000377,false,Rx,0,8,05,9D,01,90,46,46,44,22,
16915474,00000155,false,Rx,0,8,41,47,C8,54,54,C0,02,C6,
16919847,0000038A,false,Rx,0,8,4B,4D,95,00,04,00,00,00,
16920246,00000109,false,Rx,0,8,00,00,00,00,00,00,00,00,
16920499,00000357,false,Rx,0,8,00,00,00,02,D3,01,00,00,
16925475,00000155,false,Rx,0,8,41,47,C8,54,54,C0,02,C6,
16929839,00000377,false,Rx,0,8,05,9D,01,A4,46,46,44,22,
16930080,00000445,false,Rx,0,7,80,DF,AA,65,04,82,00,00,
16935437,00000155,false,Rx,0,8,41,47,C8,54,54,C0,02,C6,
16938430,000007DF,false,Rx,0,8,03,2A,07,D2,55,55,55,55,
16938709,000007E8,false,Rx,0,8,07,6A,07,D2,00,00,00,20,
16939876,00000766,false,Rx,0,8,03,7F,2A,80,FF,FF,FF,FF,
16940116,00000389,false,Rx,0,8,B1,00,00,4D,4D,40,00,00,
16945531,00000155,false,Rx,0,8,41,47,C8,54,54,C0,02,C6,
16949924,00000377,false,Rx,0,8,05,9D,01,AE,46,46,44,22,
16955486,00000155,false,Rx,0,8,41,47,C8,54,54,C0,02,C6,
16965535,00000155,false,Rx,0,8,41,47,C8,54,54,C0,02,C5,
16969942,00000377,false,Rx,0,8,05,9D,01,AE,46,46,44,22,
16970139,00000423,false,Rx,0,8,07,1D,00,02,5D,80,5D,D8,
16970383,00000358,false,Rx,0,8,89,36,62,01,8E,01,00,00,
16975511,00000155,false,Rx,0,8,41,47,C8,54,54,C0,02,C6,
16975693,00000424,false,Rx,0,8,11,40,56,81,39,6C,55,3B,
16975899,00000425,false,Rx,0,8,24,B6,44,9C,42,1C,E1,0D,
16985568,00000155,false,Rx,0,8,41,47,C8,54,54,C0,02,C6,
16989923,00000377,false,Rx,0,8,05,9D,01,AE,46,46,44,22,
16992546,00000398,false,Rx,0,8,00,00,00,37,37,00,00,00,
16995447,00000155,false,Rx,0,8,41,47,C8,54,54,C0,02,C5,
17005455,00000155,false,Rx,0,8,41,47,C8,54,54,C0,02,C5,
17009906,00000377,false,Rx,0,8,05,9D,01,AE,46,46,44,22,
17015504,00000155,false,Rx,0,8,41,47,C8,54,54,C0,02,C5,
17019913,0000038A,false,Rx,0,8,4B,4D,95,00,04,00,00,00,
17020265,00000109,false,Rx,0,8,00,00,00,00,00,00,00,00,
17020486,00000357,false,Rx,0,8,00,00,00,02,D3,01,00,00,
17025557,00000155,false,Rx,0,8,41,47,C8,54,54,C0,02,C5,
17029943,00000377,false,Rx,0,8,05,9D,01,A4,46,46,44,22,
17030066,00000445,false,Rx,0,7,80,DF,55,65,04,82,00,00,
17035532,00000155,false,Rx,0,8,41,47,C9,54,54,C0,02,C5,
17039898,00000389,false,Rx,0,8,B1,00,00,4D,4D,40,00,00,
17045487,00000155,false,Rx,0,8,41,47,C8,54,54,C0,02,C5,
17049839,00000377,false,Rx,0,8,05,9D,01,A9,46,46,44,22,
17055432,00000155,false,Rx,0,8,41,47,C8,54,54,C0,02,C5,
17059863,00000569,false,Rx,0,8,AA,00,80,02,00,00,00,00,
17065399,00000155,false,Rx,0,8,41,47,C8,54,54,C0,02,C6,
17069841,00000377,false,Rx,0,8,05,9D,01,A9,46,46,44,22,
17070134,00000423,false,Rx,0,8,07,1D,00,02,5D,80,5D,D8,
17070373,00000358,false,Rx,0,8,89,36,62,01,8E,01,00,00,
17075525,00000155,false,Rx,0,8,41,47,C8,54,54,C0,02,C5,
17075669,00000424,false,Rx,0,8,11,40,56,81,39,6C,55,3B,
17075895,00000425,false,Rx,0,8,24,B6,44,9C,42,1C,E1,0D,
17079902,00000568,false,Rx,0,8,00,02,80,0A,00,00,08,80,
17085440,00000155,false,Rx,0,8,41,47,C8,54,54,C0,02,C5,
17090067,00000377,false,Rx,0,8,05,9D,01,A9,46,46,44,22,
17092725,00000398,false,Rx,0,8,00,00,00,37,37,00,00,00,
17095460,00000155,false,Rx,0,8,41,47,C8,54,54,C0,02,C5,
17099979,00000563,false,Rx,0,8,0A,2A,00,AA,82,0A,00,00,
17105518,00000155,false,Rx,0,8,41,47,C8,54,54,C0,02,C5,
17109944,00000377,false,Rx,0,8,05,9D,01,A4,46,46,44,22,
17115583,00000155,false,Rx,0,8,41,47,C8,54,54,C0,02,C5,
17119926,0000038A,false,Rx,0,8,4B,4D,95,00,04,00,00,00,
17120243,00000109,false,Rx,0,8,00,00,00,00,00,00,00,00,
17120497,00000357,false,Rx,0,8,00,00,00,02,D3,01,00,00,
17125565,00000155,false,Rx,0,8,41,47,C8,54,54,C0,02,C5,
17129931,00000377,false,Rx,0,8,05,9D,01,A4,46,46,44,22,
17130063,00000445,false,Rx,0,7,80,DF,55,65,04,82,00,00,
17135504,00000155,false,Rx,0,8,41,47,C8,54,54,C0,02,C5,
17139878,00000389,false,Rx,0,8,B1,00,00,4D,4D,40,00,00,
17145531,00000155,false,Rx,0,8,41,47,C9,54,54,C0,02,C5,
17149959,00000377,false,Rx,0,8,05,9D,01,A4,46,46,44,22,
17155514,00000155,false,Rx,0,8,41,47,C8,54,54,C0,02,C5,
17165398,00000155,false,Rx,0,8,41,47,C8,54,54,C0,02,C6,
17169846,00000377,false,Rx,0,8,05,9D,01,A9,46,46,44,22,
17170134,00000423,false,Rx,0,8,07,1D,00,02,5D,80,5D,D8,
17170367,00000358,false,Rx,0,8,89,36,62,01,8E,01,00,00,
17175434,00000155,false,Rx,0,8,41,47,C8,54,54,C0,02,C5,
17175663,00000424,false,Rx,0,8,11,40,56,81,39,6C,55,3B,
17175889,00000425,false,Rx,0,8,24,B6,44,9C,42,1C,E1,0D,
17177350,00000630,false,Rx,0,8,00,00,00,00,00,00,00,00,
17182352,0000062D,false,Rx,0,8,00,00,00,00,00,00,00,00,
17185400,00000155,false,Rx,0,8,41,47,C8,54,54,C0,02,C5,
17187348,000006BD,false,Rx,0,8,00,00,00,00,00,00,00,00,
17189866,00000377,false,Rx,0,8,05,9D,01,AE,46,46,44,22,
17192340,00000398,false,Rx,0,8,00,00,00,37,37,00,00,00,
17195402,00000155,false,Rx,0,8,41,47,C8,54,54,C0,02,C5,
17205460,00000155,false,Rx,0,8,41,47,C8,54,54,C0,02,C5,
17209852,00000377,false,Rx,0,8,05,9D,01,AE,46,46,44,22,
17215423,00000155,false,Rx,0,8,41,47,C8,54,54,C0,02,C5,
17219921,0000038A,false,Rx,0,8,4B,4D,95,00,04,00,00,00,
17220248,00000109,false,Rx,0,8,00,00,00,00,00,00,00,00,
17220480,00000357,false,Rx,0,8,00,00,00,02,D3,01,00,00,
17225426,00000155,false,Rx,0,8,41,47,C8,54,54,C0,02,C5,
17229850,00000377,false,Rx,0,8,05,9D,01,B3,46,46,44,22,
17230071,00000445,false,Rx,0,7,80,DF,55,65,04,82,00,00,
17235525,00000155,false,Rx,0,8,41,47,C8,54,54,C0,02,C5,
17239920,00000389,false,Rx,0,8,B1,00,00,4D,4D,40,00,00,
17245449,00000155,false,Rx,0,8,41,47,C8,54,54,C0,02,C5,
17249860,00000377,false,Rx,0,8,05,9D,01,B3,46,46,44,22,
17255431,00000155,false,Rx,0,8,41,47,C8,54,54,C0,02,C5,
17259888,00000569,false,Rx,0,8,AA,00,80,02,00,00,00,00,
17265401,00000155,false,Rx,0,8,41,47,C8,54,54,C0,02,C5,
17269869,00000377,false,Rx,0,8,05,9D,01,B3,46,46,44,22,
17270130,00000423,false,Rx,0,8,07,1D,00,02,5D,80,5D,D8,
17270366,00000358,false,Rx,0,8,89,36,62,01,8E,01,00,00,
17275454,00000155,false,Rx,0,8,41,47,C8,54,54,C0,02,C5,
17275659,00000424,false,Rx,0,8,11,40,56,81,39,6C,55,3B,
17275889,00000425,false,Rx,0,8,24,B6,44,9C,42,1C,E1,0D,
17279884,00000568,false,Rx,0,8,00,02,80,0A,00,00,08,80,
17285463,00000155,false,Rx,0,8,41,47,C8,54,54,C0,02,C6,
17289930,00000377,false,Rx,0,8,05,9D,01,B8,46,46,44,22,
17292408,00000398,false,Rx,0,8,00,00,00,37,37,00,00,00,
17295433,00000155,false,Rx,0,8,41,47,C8,54,54,C0,02,C5,
17300083,00000563,false,Rx,0,8,0A,2A,00,AA,82,0A,00,00,
17305462,00000155,false,Rx,0,8,41,47,C8,54,54,C0,02,C5,
17309888,00000377,false,Rx,0,8,05,9D,01,AE,46,46,44,22,
17315463,00000155,false,Rx,0,8,41,47,C8,54,54,C0,02,C5,
17319873,0000038A,false,Rx,0,8,4B,4D,95,00,04,00,00,00,
17320239,00000109,false,Rx,0,8,00,00,00,00,00,00,00,00,
17320486,00000357,false,Rx,0,8,00,00,00,02,D3,01,00,00,
17325465,00000155,false,Rx,0,8,41,47,C8,54,54,C0,02,C5,
17329852,00000377,false,Rx,0,8,05,9D,01,A9,46,46,44,22,
17330074,00000445,false,Rx,0,7,80,DF,55,65,04,82,00,00,
17335420,00000155,false,Rx,0,8,41,47,C8,54,54,C0,02,C5,
17339867,00000389,false,Rx,0,8,B1,00,00,4D,4D,40,00,00,
17345457,00000155,false,Rx,0,8,41,47,C8,54,54,C0,02,C5,
17349859,00000377,false,Rx,0,8,05,9D,01,AE,46,46,44,22,
17355383,00000155,false,Rx,0,8,41,47,C8,54,54,C0,02,C5,
17359931,00000664,false,Rx,0,8,01,83,06,32,F3,00,00,00,
17365443,00000155,false,Rx,0,8,41,47,C8,54,54,C0,02,C5,
17369856,00000377,false,Rx,0,8,05,9D,01,AE,46,46,44,22,
17370128,00000423,false,Rx,0,8,07,1D,00,02,5D,80,5D,D8,
17370360,00000358,false,Rx,0,8,89,36,62,01,8E,01,00,00,
17375352,00000155,false,Rx,0,8,41,47,C8,54,54,C0,02,C5,
17375580,00000424,false,Rx,0,8,11,40,56,81,39,6C,55,3B,
17375810,00000425,false,Rx,0,8,24,B6,44,9C,42,1C,E1,0D,
17379882,00000663,false,Rx,0,8,01,33,30,30,00,00,00,00,
17385180,00000155,false,Rx,0,8,41,47,C8,54,54,C0,02,C6,
17389864,00000377,false,Rx,0,8,05,9D,01,AE,46,46,44,22,
17392339,00000398,false,Rx,0,8,00,00,00,37,37,00,00,00,
17395184,00000155,false,Rx,0,8,41,47,C8,54,54,C0,02,C5,
17405299,00000155,false,Rx,0,8,41,47,C8,54,54,C0,02,C5,
17409870,00000377,false,Rx,0,8,05,9D,01,AE,46,46,44,22,
17415198,00000155,false,Rx,0,8,41,47,C8,54,54,C0,02,C5,
17419869,0000038A,false,Rx,0,8,4B,4D,95,00,04,00,00,00,
17420233,00000109,false,Rx,0,8,00,00,00,00,00,00,00,00,
17420482,00000357,false,Rx,0,8,00,00,00,02,D3,01,00,00,
17425211,00000155,false,Rx,0,8,41,47,C8,54,54,C0,02,C5,
17429859,00000377,false,Rx,0,8,05,9D,01,AE,46,46,44,22,
17430084,00000445,false,Rx,0,7,80,DF,55,65,04,82,00,00,
17435238,00000155,false,Rx,0,8,41,47,C8,54,54,C0,02,C5,
17439867,00000389,false,Rx,0,8,B1,00,00,4D,4D,40,00,00,
17445200,00000155,false,Rx,0,8,41,47,C8,54,54,C0,02,C5,
17449903,00000377,false,Rx,0,8,05,9D,01,AE,46,46,44,22,
17455198,00000155,false,Rx,0,8,41,47,C8,54,54,C0,02,C5,
17459879,00000569,false,Rx,0,8,AA,00,80,02,00,00,00,00,
17465166,00000155,false,Rx,0,8,41,47,C8,54,54,C0,02,C5,
17469917,00000377,false,Rx,0,8,05,9D,01,B3,46,46,44,22,
17470132,00000423,false,Rx,0,8,07,1D,00,02,5D,80,5D,D8,
17470356,00000358,false,Rx,0,8,89,36,62,01,8E,01,00,00,
17475210,00000155,false,Rx,0,8,41,47,C8,54,54,C0,02,C5,
17475439,00000424,false,Rx,0,8,11,40,56,81,39,6C,55,3B,
17475667,00000425,false,Rx,0,8,24,B6,44,9C,42,1C,E1,0D,
17479876,00000568,false,Rx,0,8,00,02,80,0A,00,00,A8,AA,
17485198,00000155,false,Rx,0,8,41,47,C8,54,54,C0,02,C5,
17489853,00000377,false,Rx,0,8,05,9D,01,B3,46,46,44,22,
17492334,00000398,false,Rx,0,8,00,00,00,37,37,00,00,00,
17495163,00000155,false,Rx,0,8,41,47,C9,54,54,C0,02,C5,
17499915,00000563,false,Rx,0,8,2A,AA,2A,AA,82,2A,00,00,
17505287,00000155,false,Rx,0,8,41,47,C8,54,54,C0,02,C5,
17509866,00000377,false,Rx,0,8,05,9D,01,B3,46,46,44,22,
17515202,00000155,false,Rx,0,8,41,47,C8,54,54,C0,02,C6,
17519875,0000038A,false,Rx,0,8,4B,4D,94,00,04,00,00,00,
17520229,00000109,false,Rx,0,8,00,00,00,00,00,00,00,00,
17520484,00000357,false,Rx,0,8,00,00,00,02,D3,01,00,00,
17525233,00000155,false,Rx,0,8,41,47,C8,54,54,C0,02,C5,
17529857,00000377,false,Rx,0,8,05,9D,01,A9,46,46,44,22,
17530074,00000445,false,Rx,0,7,80,DF,55,65,04,82,00,00,
17535201,00000155,false,Rx,0,8,41,47,C8,54,54,C0,02,C5,
17539873,00000389,false,Rx,0,8,B1,00,00,4D,4D,40,00,00,
17545198,00000155,false,Rx,0,8,41,47,C8,54,54,C0,02,C5,
17549863,00000377,false,Rx,0,8,05,9D,01,A9,46,46,44,22,
17555161,00000155,false,Rx,0,8,41,47,C8,54,54,C0,02,C5,
17565247,00000155,false,Rx,0,8,41,47,C8,54,54,C0,02,C5,
17569952,00000377,false,Rx,0,8,05,9D,01,B3,46,46,44,22,
17570125,00000423,false,Rx,0,8,07,1D,00,02,B2,80,B2,D8,
17570364,00000358,false,Rx,0,8,89,36,62,01,8E,01,00,00,
17575208,00000155,false,Rx,0,8,41,47,C8,54,54,C0,02,C5,
17575443,00000424,false,Rx,0,8,11,40,56,81,39,6C,AA,3B,
17575668,00000425,false,Rx,0,8,24,B6,44,9C,42,1C,E1,0D,
17585173,00000155,false,Rx,0,8,41,47,C8,54,54,C0,02,C6,
17589872,00000377,false,Rx,0,8,05,9D,01,AE,46,46,44,22,
17592334,00000398,false,Rx,0,8,00,00,00,37,37,00,00,00,
17595161,00000155,false,Rx,0,8,41,47,C8,54,54,C0,02,C5,
17605312,00000155,false,Rx,0,8,41,47,C8,54,54,C0,02,C5,
17610131,00000377,false,Rx,0,8,05,9D,01,AE,46,46,44,22,
17615423,00000155,false,Rx,0,8,41,47,C8,54,54,C0,02,C5,
17619973,0000038A,false,Rx,0,8,4B,4D,94,00,04,00,00,00,
17620244,00000109,false,Rx,0,8,00,00,00,00,00,00,00,00,
17620495,00000357,false,Rx,0,8,00,00,00,02,D3,01,00,00,
17625286,00000155,false,Rx,0,8,41,47,C8,54,54,C0,02,C5,
17629964,00000377,false,Rx,0,8,05,9D,01,B3,46,46,44,22,
17630088,00000445,false,Rx,0,7,80,DF,AA,65,04,82,00,00,
17635347,00000155,false,Rx,0,8,41,47,C9,54,54,C0,02,C5,
17640004,00000389,false,Rx,0,8,B1,00,00,4D,4D,40,00,00,
17645238,00000155,false,Rx,0,8,41,47,C8,54,54,C0,02,C5,
17649866,00000377,false,Rx,0,8,05,9D,01,B3,46,46,44,22,
17655227,00000155,false,Rx,0,8,41,47,C8,54,54,C0,02,C5,
17659918,00000569,false,Rx,0,8,AA,00,80,02,00,00,00,00,
17665162,00000155,false,Rx,0,8,41,47,C8,54,54,C0,02,C5,
17669867,00000377,false,Rx,0,8,05,9D,01,B3,46,46,44,22,
17670122,00000423,false,Rx,0,8,07,1D,00,02,B2,80,B2,D8,
17670351,00000358,false,Rx,0,8,89,36,62,01,8E,01,00,00,
17675198,00000155,false,Rx,0,8,41,47,C8,54,54,C0,02,C5,
17675438,00000424,false,Rx,0,8,11,40,56,81,39,6C,AA,3B,
17675659,00000425,false,Rx,0,8,24,B6,44,9C,42,1C,E1,0D,
17677339,00000630,false,Rx,0,8,00,00,00,00,00,00,00,00,
17679885,00000568,false,Rx,0,8,00,02,80,0A,00,00,A8,AA,
17682339,0000062D,false,Rx,0,8,00,00,00,00,00,00,00,00,
17685165,00000155,false,Rx,0,8,41,47,C8,54,54,C0,02,C5,
17687335,000006BD,false,Rx,0,8,00,00,00,00,00,00,00,00,
17689873,00000377,false,Rx,0,8,05,9D,01,B8,46,46,44,22,
17692327,00000398,false,Rx,0,8,00,00,00,37,37,00,00,00,
17695155,00000155,false,Rx,0,8,41,47,C8,54,54,C0,02,C5,
17699882,00000563,false,Rx,0,8,2A,AA,2A,AA,82,2A,00,00,
17705175,00000155,false,Rx,0,8,41,47,C8,54,54,C0,02,C5,
17709944,00000377,false,Rx,0,8,05,9D,01,B3,46,46,44,22,
17715199,00000155,false,Rx,0,8,41,47,C8,54,54,C0,02,C5,
17719938,0000038A,false,Rx,0,8,4B,4D,94,00,04,00,00,00,
17720231,00000109,false,Rx,0,8,00,00,00,00,00,00,00,00,
17720466,00000357,false,Rx,0,8,00,00,00,02,D3,01,00,00,
17725229,00000155,false,Rx,0,8,41,47,C8,54,54,C0,02,C5,
17729871,00000377,false,Rx,0,8,05,9D,01,B8,46,46,44,22,
17730110,00000445,false,Rx,0,7,80,DF,AA,65,04,82,00,00,
17735192,00000155,false,Rx,0,8,41,47,C7,54,54,C0,02,C5,
17739901,00000389,false,Rx,0,8,B1,00,00,4D,4D,40,00,00,
17745290,00000155,false,Rx,0,8,41,47,C8,54,54,C0,02,C5,
17749877,00000377,false,Rx,0,8,05,9D,01,BD,46,46,44,22,
17755156,00000155,false,Rx,0,8,41,47,C8,54,54,C0,02,C5,
17765155,00000155,false,Rx,0,8,41,47,C8,54,54,C0,02,C5,
17769877,00000377,false,Rx,0,8,05,9D,01,BD,46,46,44,22,
17770119,00000423,false,Rx,0,8,07,1D,00,02,B2,80,B2,D8,
17770350,00000358,false,Rx,0,8,89,36,62,01,8E,01,00,00,
17775196,00000155,false,Rx,0,8,41,47,C8,54,54,C0,02,C5,
17775440,00000424,false,Rx,0,8,11,40,56,81,39,6C,AA,3B,
17775659,00000425,false,Rx,0,8,24,B6,44,9C,42,1C,E1,0D,
17785166,00000155,false,Rx,0,8,41,47,C8,54,54,C0,02,C5,
17789876,00000377,false,Rx,0,8,05,9D,01,BD,46,46,44,22,
17792329,00000398,false,Rx,0,8,00,00,00,37,37,00,00,00,
17795209,00000155,false,Rx,0,8,41,47,C8,54,54,C0,02,C5,
17805173,00000155,false,Rx,0,8,41,47,C8,54,54,C0,02,C5,
17809936,00000377,false,Rx,0,8,05,9D,01,B8,46,46,44,22,
17815204,00000155,false,Rx,0,8,41,47,C8,54,54,C0,02,C5,
17819897,0000038A,false,Rx,0,8,4B,4D,94,00,04,00,00,00,
17820226,00000109,false,Rx,0,8,00,00,00,00,00,00,00,00,
17820470,00000357,false,Rx,0,8,00,00,00,02,D3,01,00,00,
17825193,00000155,false,Rx,0,8,41,47,C8,54,54,C0,02,C5,
17829879,00000377,false,Rx,0,8,05,9D,01,BD,46,46,44,22,
17830091,00000445,false,Rx,0,7,80,DF,AA,65,04,82,00,00,
17835221,00000155,false,Rx,0,8,41,47,C8,54,54,C0,02,C5,
17839889,00000389,false,Rx,0,8,B1,00,00,4D,4D,40,00,00,
17845193,00000155,false,Rx,0,8,41,47,C8,54,54,C0,02,C5,
17849879,00000377,false,Rx,0,8,05,9D,01,B8,46,46,44,22,
17855189,00000155,false,Rx,0,8,41,47,C8,54,54,C0,02,C5,
17859902,00000569,false,Rx,0,8,AA,00,80,02,00,00,00,00,
17860158,00000664,false,Rx,0,8,01,83,06,32,F3,00,00,00,
17865158,00000155,false,Rx,0,8,41,47,C8,54,54,C0,02,C5,
17869880,00000377,false,Rx,0,8,05,9D,01,B8,46,46,44,22,
17870122,00000423,false,Rx,0,8,07,1D,00,02,B2,80,B2,D8,
17870351,00000358,false,Rx,0,8,89,36,62,01,8E,01,00,00,
17875202,00000155,false,Rx,0,8,41,47,C8,54,54,C0,02,C5,
17875440,00000424,false,Rx,0,8,11,40,56,81,39,6C,AA,3B,
17875661,00000425,false,Rx,0,8,24,B6,44,9C,42,1C,E1,0C,
17879895,00000568,false,Rx,0,8,00,02,80,0A,00,00,A8,AA,
17880167,00000663,false,Rx,0,8,02,00,00,00,00,00,00,00,
17885165,00000155,false,Rx,0,8,41,47,C8,54,54,C0,02,C6,
17889881,00000377,false,Rx,0,8,05,9D,01,BD,46,46,44,22,
17892328,00000398,false,Rx,0,8,00,00,00,37,37,00,00,00,
17895153,00000155,false,Rx,0,8,41,47,C8,54,54,C0,02,C6,
17899887,00000563,false,Rx,0,8,AA,AA,2A,AA,82,2A,00,00,
17905158,00000155,false,Rx,0,8,41,47,C8,54,54,C0,02,C6,
17909886,00000377,false,Rx,0,8,05,9D,01,B8,46,46,44,22,
17915246,00000155,false,Rx,0,8,41,47,C8,54,54,C0,02,C6,
17919896,0000038A,false,Rx,0,8,4B,4D,94,00,04,00,00,00,
17920222,00000109,false,Rx,0,8,00,00,00,00,00,00,00,00,
17920469,00000357,false,Rx,0,8,00,00,00,02,D3,01,00,00,
17925225,00000155,false,Rx,0,8,41,47,C7,54,54,C0,02,C6,
17929834,00000445,false,Rx,0,7,80,DF,AA,65,04,82,00,00,
17930056,00000377,false,Rx,0,8,05,9D,01,B8,46,46,44,22,
17935223,00000155,false,Rx,0,8,41,47,C8,54,54,C0,02,C6,
17938424,000007DF,false,Rx,0,8,02,01,05,55,55,55,55,55,
17938661,000007E8,false,Rx,0,8,03,41,05,39,DF,07,00,00,
17939898,00000389,false,Rx,0,8,B1,00,00,4D,4D,40,00,00,
17945181,00000155,false,Rx,0,8,41,47,C8,54,54,C0,02,C7,
17950005,00000377,false,Rx,0,8,05,9D,01,B8,46,46,44,22,
17955274,00000155,false,Rx,0,8,41,47,C8,54,54,C0,02,C7,
17965255,00000155,false,Rx,0,8,41,47,C8,54,54,C0,02,C7,
17969929,00000377,false,Rx,0,8,05,9D,01,B8,46,46,44,22,
17970112,00000423,false,Rx,0,8,07,1D,00,02,B2,80,B2,D8,
17970360,00000358,false,Rx,0,8,89,36,62,01,8E,01,00,00,
17975251,00000155,false,Rx,0,8,41,47,C8,54,54,C0,02,C7,
17975428,00000424,false,Rx,0,8,11,40,56,81,39,6C,AA,3B,
17975663,00000425,false,Rx,0,8,24,B6,44,9C,42,1C,E1,0C,
17985196,00000155,false,Rx,0,8,41,47,C8,54,54,C0,02,C7,
17989960,00000377,false,Rx,0,8,05,9D,01,BD,46,46,44,22,
17992373,00000398,false,Rx,0,8,00,00,00,37,37,00,00,00,
17995174,00000155,false,Rx,0,8,41,47,C8,54,54,C0,02,C7,
