Time [s],Channel 7
0.000000000,1
0.022248562,0
0.022289312,1
0.024676312,0
0.024714063,1
0.024884375,0
0.024922312,1
0.025092312,0
0.025131937,1
0.025300437,0
0.025339312,1
0.025508438,0
0.025545938,1
0.025820250,0
0.025860500,1
0.026132250,0
0.026169000,1
0.026169062,0
0.026171063,1
0.026444250,0
0.026483125,1
0.026652375,0
0.026689500,1
0.026964313,0
0.027002813,1
0.027172375,0
0.027209312,1
0.027692438,0
0.027729750,1
0.028108312,0
0.028146500,1
0.029252062,0
0.029294875,1
0.029876188,0
0.029916313,1
0.052457938,0
0.052499250,1
0.054885750,0
0.054925000,1
0.055093875,0
0.055131813,1
0.055301875,0
0.055339313,1
0.055509812,0
0.055546125,1
0.055546187,0
0.055548125,1
0.055717812,0
0.055757313,1
0.056029688,0
0.056071062,1
0.056341750,0
0.056380063,1
0.056757812,0
0.056794500,1
0.057384438,0
0.057424750,1
0.057592625,0
0.057631562,1
0.058114313,0
0.058151313,1
0.058633625,0
0.058673188,1
0.059050875,0
0.059087000,1
0.059258688,0
0.059295313,1
0.059881500,0
0.059921438,1
0.060089625,0
0.060127375,1
0.060506688,0
0.060543187,1
0.061026000,0
0.061064750,1
0.062173875,0
0.062211312,1
0.062902438,0
0.062942750,1
0.102474500,0
0.102514125,1
0.104910062,0
0.104948562,1
0.105118125,0
0.105157687,1
0.105326188,0
0.105365125,1
0.105534188,0
0.105571875,1
0.105742250,0
0.105779750,1
0.106054063,0
0.106095312,1
0.106366000,0
0.106405625,1
0.106678063,0
0.106716312,1
0.106886125,0
0.106923688,1
0.107302000,0
0.107341312,1
0.107510125,0
0.107549188,1
0.108030062,0
0.108070438,1
0.108446000,0
0.108485813,1
0.109589937,0
0.109631250,1
0.110110000,0
0.110150250,1
0.110422188,0
0.110461062,1
0.132371938,0
0.132413063,1
0.134791812,0
0.134830312,1
0.134999875,0
0.135037375,1
0.135207938,0
0.135244562,1
0.135415937,0
0.135452625,1
0.135623812,0
0.135661937,1
0.135935750,0
0.135975625,1
0.136247813,0
0.136286875,1
0.136663937,0
0.136699812,1
0.137165563,0
0.137204750,1
0.137372437,0
0.137410063,1
0.137889188,0
0.137929313,1
0.138302687,0
0.138342625,1
0.139440000,0
0.139478187,1
0.140266937,0
0.140306812,1
0.140577125,0
0.140615812,1
0.141301062,0
0.141336563,1
0.141714375,0
0.141751187,1
0.142231313,0
0.142269813,1
0.142438125,0
0.142474938,1
0.182372625,0
0.182413500,1
0.184792500,0
0.184832625,1
0.185000625,0
0.185038500,1
0.185208687,0
0.185245250,1
0.185416688,0
0.185453375,1
0.185624625,0
0.185661625,1
0.185936563,0
0.185975063,1
0.186248500,0
0.186287875,1
0.186560438,0
0.186601500,1
0.186768625,0
0.186807813,1
0.187080562,0
0.187118813,1
0.187392687,0
0.187429812,1
0.187808625,0
0.187846062,1
0.188224500,0
0.188263625,1
0.189368437,0
0.189408562,1
0.189576562,0
0.189614375,1
0.189992375,0
0.190032125,1
0.212334750,0
0.212376813,1
0.214754562,0
0.214793062,1
0.214962687,0
0.214999000,1
0.215170688,0
0.215210062,1
0.215378750,0
0.215417438,1
0.215586750,0
0.215624188,1
0.215898625,0
0.215938750,1
0.216210625,0
0.216250250,1
0.216626687,0
0.216663937,1
0.217257000,0
0.217295875,1
0.217573062,0
0.217609125,1
0.217994437,0
0.218031063,1
0.218414812,0
0.218451750,1
0.218729563,0
0.218767750,1
0.218939812,0
0.218977937,1
0.219570313,0
0.219610438,1
0.219780750,0
0.219818750,1
0.220304500,0
0.220345125,1
0.220723875,0
0.220763750,1
0.221883875,0
0.221923125,1
0.222305375,0
0.222341188,1
0.222515625,0
0.222550625,1
0.262303875,0
0.262345188,1
0.264731687,0
0.264771875,1
0.264939812,0
0.264979062,1
0.265147875,0
0.265186375,1
0.265355875,0
0.265393812,1
0.265563812,0
0.265602063,1
0.265875688,0
0.265915687,1
0.266187687,0
0.266228313,1
0.266499688,0
0.266538500,1
0.266707812,0
0.266746313,1
0.267019750,0
0.267058750,1
0.267539937,0
0.267576000,1
0.267747813,0
0.267785063,1
0.268163750,0
0.268201437,1
0.269307500,0
0.269347813,1
0.269723625,0
0.269763875,1
0.269931812,0
0.269968812,1
0.292433063,0
0.292473625,1
0.294860813,0
0.294898750,1
0.295068938,0
0.295106375,1
0.295276875,0
0.295315125,1
0.295484875,0
0.295523125,1
0.295692937,0
0.295730000,1
0.296004812,0
0.296042937,1
0.296316813,0
0.296354625,1
0.296732875,0
0.296771250,1
0.297154062,0
0.297192813,1
0.297675437,0
0.297712562,1
0.297883312,0
0.297919375,1
0.298402312,0
0.298440750,1
0.298610312,0
0.298648000,1
0.298921437,0
0.298962375,1
0.299647312,0
0.299687062,1
0.299959812,0
0.299997313,1
0.300894500,0
0.300935375,1
0.302041750,0
0.302078625,1
0.302456312,0
0.302495750,1
0.302873187,0
0.302909062,1
0.342306125,0
0.342347687,1
0.344733937,0
0.344773063,1
0.344942062,0
0.344978562,1
0.345150063,0
0.345187375,1
0.345358063,0
0.345395125,1
0.345566000,0
0.345602750,1
0.345877938,0
0.345915875,1
0.346189875,0
0.346228625,1
0.346501875,0
0.346540313,1
0.346709938,0
0.346749188,1
0.347021875,0
0.347060062,1
0.347229937,0
0.347269812,1
0.347750000,0
0.347785875,1
0.348165875,0
0.348206063,1
0.349309750,0
0.349349625,1
0.349933687,0
0.349975313,1
0.372450938,0
0.372492938,1
0.374886625,0
0.374925687,1
0.375094688,0
0.375131687,1
0.375302688,0
0.375342125,1
0.375510687,0
0.375550000,1
0.375718687,0
0.375757000,1
0.376030562,0
0.376070125,1
0.376342625,0
0.376381062,1
0.376758688,0
0.376797000,1
0.377388438,0
0.377427687,1
0.377598063,0
0.377635063,1
0.378123375,0
0.378159187,1
0.378646375,0
0.378684875,1
0.379066438,0
0.379102687,1
0.379102750,0
0.379104312,1
0.379276000,0
0.379313250,1
0.379903188,0
0.379941937,1
0.380112750,0
0.380149500,1
0.380532875,0
0.380569000,1
0.381055812,0
0.381095312,1
0.382211813,0
0.382249312,1
0.382945500,0
0.382985562,1
0.422363437,0
0.422404438,1
0.424775500,0
0.424813750,1
0.424983563,0
0.425021250,1
0.425191625,0
0.425228063,1
0.425399625,0
0.425436062,1
0.425607562,0
0.425646875,1
0.425919437,0
0.425959562,1
0.426231500,0
0.426270563,1
0.426543438,0
0.426583625,1
0.426751563,0
0.426789625,1
0.427063437,0
0.427103875,1
0.427271562,0
0.427309750,1
0.427791500,0
0.427831063,1
0.428207438,0
0.428245875,1
0.429351375,0
0.429391062,1
0.429871375,0
0.429909312,1
0.430183563,0
0.430220875,1
0.452468875,0
0.452509500,1
0.452509563,0
0.452511125,1
0.454896562,0
0.454937812,1
0.455104813,0
0.455143062,1
0.455312812,0
0.455348937,1
0.455520812,0
0.455558375,1
0.455728813,0
0.455765688,1
0.456040625,0
0.456079750,1
0.456352625,0
0.456392562,1
0.456768687,0
0.456806625,1
0.457238375,0
0.457278562,1
0.457445188,0
0.457484375,1
0.457962062,0
0.458001250,1
0.458375563,0
0.458416000,1
0.459512812,0
0.459552625,1
0.460339750,0
0.460379125,1
0.460649937,0
0.460688625,1
0.461373875,0
0.461410688,1
0.461787250,0
0.461823688,1
0.462304063,0
0.462343312,1
0.462511000,0
0.462548187,1
0.502286875,0
0.502330250,1
0.504698875,0
0.504739562,1
0.504907062,0
0.504943375,1
0.505115000,0
0.505154187,1
0.505323000,0
0.505361000,1
0.505531063,0
0.505568250,1
0.505842937,0
0.505882562,1
0.506154937,0
0.506192500,1
0.506466938,0
0.506506187,1
0.506675000,0
0.506713312,1
0.506986938,0
0.507025875,1
0.507299063,0
0.507337438,1
0.507715062,0
0.507751875,1
0.508130938,0
0.508168562,1
0.509274688,0
0.509316063,1
0.509483000,0
0.509521375,1
0.509898813,0
0.509938250,1
0.532353000,0
0.532393937,1
0.534788625,0
0.534826812,1
0.534996750,0
0.535033813,1
0.535204750,0
0.535242750,1
0.535412688,0
0.535451625,1
0.535620750,0
0.535659187,1
0.535932625,0
0.535972500,1
0.536244625,0
0.536283125,1
0.536660750,0
0.536698750,1
0.537187688,0
0.537228062,1
0.537501563,0
0.537538688,1
0.537920313,0
0.537957062,1
0.538441562,0
0.538482563,1
0.538754250,0
0.538793562,1
0.538963125,0
0.539000875,1
0.539589563,0
0.539627938,1
0.539798438,0
0.539834938,1
0.540318750,0
0.540358563,1
0.540839125,0
0.540878750,1
0.541991438,0
0.542028063,1
0.542410188,0
0.542446875,1
0.542619000,0
0.542655187,1
0.582377375,0
0.582417875,1
0.584805187,0
0.584842875,1
0.585013250,0
0.585050062,1
0.585221187,0
0.585259312,1
0.585429250,0
0.585466750,1
0.585637250,0
0.585673438,1
0.585949063,0
0.585988437,1
0.586469000,0
0.586507875,1
0.586507937,0
0.586509938,1
0.586781062,0
0.586819875,1
0.587093125,0
0.587132125,1
0.587613188,0
0.587651313,1
0.587821188,0
0.587856438,1
0.587856500,0
0.587857875,1
0.588237062,0
0.588274875,1
0.588653125,0
0.588690625,1
0.589381062,0
0.589420562,1
0.589589250,0
0.589627000,1
0.590108938,0
0.590149438,1
0.590525063,0
0.590565062,1
0.590733188,0
0.590769875,1
0.591773062,0
0.591813125,1
0.592085000,0
0.592123437,1
0.592397188,0
0.592433437,1
0.622203562,0
0.622245875,1
0.624623438,0
0.624663437,1
0.624831625,0
0.624869750,1
0.625039625,0
0.625075625,1
0.625247563,0
0.625285625,1
0.625455563,0
0.625493750,1
0.625767500,0
0.625805562,1
0.626079437,0
0.626118938,1
0.626391438,0
0.626431813,1
0.626599563,0
0.626638000,1
0.626911375,0
0.626951562,1
0.627119563,0
0.627159062,1
0.627639625,0
0.627674687,1
0.627674750,0
0.627676187,1
0.628055500,0
0.628093563,1
0.629199313,0
0.629239062,1
0.629823250,0
0.629863813,1
0.652556438,0
0.652597625,1
0.654984187,0
0.655022813,1
0.655192250,0
0.655231625,1
0.655400250,0
0.655439875,1
0.655608312,0
0.655645812,1
0.655816313,0
0.655853250,1
0.656128188,0
0.656167250,1
0.656440125,0
0.656480562,1
0.656856250,0
0.656894312,1
0.657384063,0
0.657423312,1
0.657592125,0
0.657629375,1
0.658113813,0
0.658151250,1
0.658529687,0
0.658566250,1
0.658946812,0
0.658983563,1
0.659154812,0
0.659192625,1
0.659674062,0
0.659714375,1
0.659882188,0
0.659920687,1
0.660299375,0
0.660335000,1
0.660922000,0
0.660961563,1
0.662276625,0
0.662315375,1
0.663005188,0
0.663043750,1
0.702301813,0
0.702343188,1
0.704737500,0
0.704776062,1
0.704945687,0
0.704982375,1
0.705153625,0
0.705191313,1
0.705361687,0
0.705398562,1
0.705569563,0
0.705607125,1
0.705985437,0
0.706025812,1
0.706297437,0
0.706337750,1
0.706609500,0
0.706648500,1
0.706817563,0
0.706856250,1
0.707129500,0
0.707168187,1
0.707337625,0
0.707374813,1
0.707857562,0
0.707895375,1
0.708273438,0
0.708313625,1
0.709417375,0
0.709457750,1
0.709937313,0
0.709978750,1
0.710249563,0
0.710287563,1
0.732446625,0
0.732488438,1
0.734866562,0
0.734907063,1
0.735074688,0
0.735112813,1
0.735282750,0
0.735318687,1
0.735490688,0
0.735527125,1
0.735698688,0
0.735735750,1
0.736010625,0
0.736048375,1
0.736322563,0
0.736362188,1
0.736738750,0
0.736775375,1
0.737198688,0
0.737238250,1
0.737405500,0
0.737444688,1
0.737922375,0
0.737959750,1
0.738335813,0
0.738376438,1
0.739473125,0
0.739512750,1
0.740300125,0
0.740339500,1
0.740610250,0
0.740650438,1
0.741334188,0
0.741370875,1
0.741747562,0
0.741785375,1
0.742264438,0
0.742303313,1
0.742471312,0
0.742508562,1
0.782319688,0
0.782362312,1
0.784739750,0
0.784777625,1
0.784947813,0
0.784985125,1
0.785155812,0
0.785194562,1
0.785363812,0
0.785403125,1
0.785571812,0
0.785609812,1
0.785883688,0
0.785923750,1
0.786195688,0
0.786234063,1
0.786507750,0
0.786546312,1
0.786715813,0
0.786753500,1
0.787027687,0
0.787067688,1
0.787339812,0
0.787379125,1
0.787755875,0
0.787792625,1
0.788171750,0
0.788209562,1
0.789315563,0
0.789355812,1
0.789523750,0
0.789564125,1
0.789939625,0
0.789979063,1
0.812441063,0
0.812482000,1
0.814868812,0
0.814908375,1
0.815076937,0
0.815114187,1
0.815284875,0
0.815323438,1
0.815492875,0
0.815531938,1
0.815700875,0
0.815740000,1
0.816012813,0
0.816050687,1
0.816324812,0
0.816362875,1
0.816740875,0
0.816778875,1
0.817267500,0
0.817308000,1
0.817581375,0
0.817618188,1
0.817999875,0
0.818036750,1
0.818521250,0
0.818562062,1
0.818833937,0
0.818872500,1
0.819042750,0
0.819078750,1
0.819772875,0
0.819814062,1
0.819981750,0
0.820020063,1
0.820502000,0
0.820542000,1
0.820918562,0
0.820957063,1
0.822070625,0
0.822108063,1
0.822489313,0
0.822526437,1
0.822698125,0
0.822735062,1
0.862322062,0
0.862364687,1
0.864741937,0
0.864782562,1
0.864950062,0
0.864988563,1
0.865158063,0
0.865196188,1
0.865366063,0
0.865404562,1
0.865574063,0
0.865611500,1
0.865885937,0
0.865925313,1
0.866197937,0
0.866238000,1
0.866509938,0
0.866549313,1
0.866717938,0
0.866755938,1
0.867029938,0
0.867068188,1
0.867550062,0
0.867587438,1
0.867758062,0
0.867794875,1
0.868173938,0
0.868213625,1
0.869317812,0
0.869359875,1
0.869733813,0
0.869774313,1
0.869941938,0
0.869980312,1
0.892443250,0
0.892482875,1
0.894878875,0
0.894920625,1
0.895087000,0
0.895126625,1
0.895295000,0
0.895331875,1
0.895503063,0
0.895540500,1
0.895710937,0
0.895749125,1
0.896022875,0
0.896063938,1
0.896334813,0
0.896375125,1
0.896751063,0
0.896788375,1
0.897486438,0
0.897526125,1
0.898011000,0
0.898046688,1
0.898220250,0
0.898257125,1
0.898638687,0
0.898678063,1
0.899056125,0
0.899095813,1
0.899265375,0
0.899302562,1
0.899996000,0
0.900035563,1
0.900310562,0
0.900347312,1
0.901251500,0
0.901290812,1
0.902612875,0
0.902653313,1
0.902822313,0
0.902858500,1
0.902858562,0
0.902860125,1
0.903447688,0
0.903489312,1
0.942332063,0
0.942374812,1
0.944752062,0
0.944791938,1
0.944960062,0
0.944998688,1
0.945168125,0
0.945208313,1
0.945376125,0
0.945416188,1
0.945584125,0
0.945624563,1
0.945895938,0
0.945936062,1
0.945936125,0
0.945939063,1
0.946208000,0
0.946248625,1
0.946520000,0
0.946562438,1
0.946728125,0
0.946767750,1
0.947039938,0
0.947081375,1
0.947248063,0
0.947288750,1
0.947768063,0
0.947807625,1
0.948184062,0
0.948224313,1
0.949327812,0
0.949370375,1
0.949951875,0
0.949993625,1
0.972469062,0
0.972512812,1
0.974904688,0
0.974946563,1
0.975112813,0
0.975152062,1
0.975320875,0
0.975359875,1
0.975528875,0
0.975567312,1
0.975736875,0
0.975776125,1
0.976048687,0
0.976090062,1
0.976360688,0
0.976403250,1
0.976776875,0
0.976815250,1
0.977411375,0
0.977454625,1
0.977621000,0
0.977661812,1
0.978146312,0
0.978185125,1
0.978565187,0
0.978604687,1
0.978985250,0
0.979022938,1
0.979194688,0
0.979233375,1
0.979717625,0
0.979757875,1
0.979927187,0
0.979967750,1
0.980347250,0
0.980383500,1
0.980870187,0
0.980910125,1
0.982130250,0
0.982170563,1
0.982863812,0
0.982906000,1
1.022405250,0
1.022447375,1
1.024840812,0
1.024879750,1
1.025048875,0
1.025088688,1
1.025256938,0
1.025296750,1
1.025465000,0
1.025503688,1
1.025672937,0
1.025710750,1
1.025984875,0
1.026025125,1
1.026296813,0
1.026337375,1
1.026608875,0
1.026649313,1
1.026816875,0
1.026858062,1
1.027128875,0
1.027170375,1
1.027336875,0
1.027375938,1
1.027856813,0
1.027896625,1
1.028272687,0
1.028316250,1
1.029416625,0
1.029459563,1
1.029936688,0
1.029979125,1
1.030248937,0
1.030286875,1
1.052382938,0
1.052426000,1
1.052426062,0
1.052427500,1
1.054802875,0
1.054842625,1
1.055011000,0
1.055050438,1
1.055219000,0
1.055259375,1
1.055427000,0
1.055466187,1
1.055634938,0
1.055674187,1
1.055674250,0
1.055676250,1
1.055946875,0
1.055989312,1
1.056258875,0
1.056300312,1
1.056675000,0
1.056713812,1
1.057168188,0
1.057210562,1
1.057375063,0
1.057413875,1
1.057891875,0
1.057932625,1
1.058305375,0
1.058347062,1
1.059442688,0
1.059482875,1
1.060269500,0
1.060313250,1
1.060579750,0
1.060620500,1
1.061303687,0
1.061340500,1
1.061717063,0
1.061757750,1
1.062233938,0
1.062273125,1
1.062440812,0
1.062479687,1
1.102472000,0
1.102514500,1
1.104915188,0
1.104915250,1
1.104915438,0
1.104956250,1
1.105123625,0
1.105163563,1
1.105331625,0
1.105370125,1
1.105539625,0
1.105578125,1
1.105747625,0
1.105784625,1
1.105784687,0
1.105785875,1
1.106059563,0
1.106100500,1
1.106371437,0
1.106413250,1
1.106683500,0
1.106725000,1
1.106891562,0
1.106932312,1
1.107307438,0
1.107349313,1
1.107619563,0
1.107659437,1
1.108035687,0
1.108073625,1
1.108451500,0
1.108490625,1
1.109595312,0
1.109639188,1
1.109803563,0
1.109844688,1
1.110219438,0
1.110260187,1
1.132440375,0
1.132482500,1
1.134860250,0
1.134900000,1
1.135068313,0
1.135105000,1
1.135105063,0
1.135106812,1
1.135276375,0
1.135314000,1
1.135484375,0
1.135521125,1
1.135692250,0
1.135731375,1
1.136004250,0
1.136043563,1
1.136316250,0
1.136356062,1
1.136732375,0
1.136770312,1
1.137362313,0
1.137403313,1
1.137676125,0
1.137714500,1
1.138094813,0
1.138132437,1
1.138616062,0
1.138657000,1
1.138928687,0
1.138969563,1
1.139137500,0
1.139176938,1
1.139763750,0
1.139802750,1
1.139972500,0
1.140011625,1
1.140492813,0
1.140533250,1
1.141013125,0
1.141053188,1
1.142165125,0
1.142204500,1
1.142583937,0
1.142620187,1
1.142792562,0
1.142829438,1
1.182352688,0
1.182398188,1
1.184764875,0
1.184804000,1
1.184972937,0
1.185011063,1
1.185180937,0
1.185220437,1
1.185388937,0
1.185428062,1
1.185596937,0
1.185636437,1
1.185908812,0
1.185950312,1
1.186428688,0
1.186471375,1
1.186740875,0
1.186779500,1
1.187052875,0
1.187093875,1
1.187572937,0
1.187612437,1
1.187781000,0
1.187819375,1
1.188196812,0
1.188235125,1
1.188612875,0
1.188651813,1
1.189340813,0
1.189381562,1
1.189548937,0
1.189587437,1
1.190068687,0
1.190110063,1
1.190484750,0
1.190527062,1
1.190692875,0
1.190731812,1
1.191732750,0
1.191774312,1
1.192044687,0
1.192084937,1
1.192356938,0
1.192394625,1
1.222377625,0
1.222420562,1
1.224797500,0
1.224837187,1
1.225005563,0
1.225044312,1
1.225213500,0
1.225254000,1
1.225421563,0
1.225460437,1
1.225629500,0
1.225669062,1
1.225941437,0
1.225981375,1
1.226461312,0
1.226503062,1
1.226773437,0
1.226814188,1
1.227085375,0
1.227128063,1
1.227293563,0
1.227332062,1
1.227813562,0
1.227851625,1
1.228229438,0
1.228268687,1
1.228645562,0
1.228682062,1
1.228853500,0
1.228891813,1
1.229373375,0
1.229415563,1
1.229581500,0
1.229619875,1
1.229997562,0
1.230036750,1
1.230517375,0
1.230557875,1
1.230725500,0
1.230762813,1
1.231037437,0
1.231076250,1
1.231765375,0
1.231807312,1
1.232285250,0
1.232326375,1
1.232493438,0
1.232533625,1
1.262211625,0
1.262254375,1
1.264631562,0
1.264671062,1
1.264839625,0
1.264877750,1
1.265047625,0
1.265087875,1
1.265255625,0
1.265295562,1
1.265463625,0
1.265503125,1
1.265775563,0
1.265814000,1
1.265814063,0
1.265816625,1
1.266295437,0
1.266338313,1
1.266607500,0
1.266647125,1
1.266919500,0
1.266959938,1
1.267127625,0
1.267167875,1
1.267647563,0
1.267688125,1
1.268063437,0
1.268104125,1
1.269207375,0
1.269251437,1
1.270351375,0
1.270394187,1
1.271495562,0
1.271534187,1
1.272015437,0
1.272054688,1
1.272327625,0
1.272365625,1
1.302460000,0
1.302505063,1
1.304895750,0
1.304936250,1
1.305103875,0
1.305141375,1
1.305311813,0
1.305350500,1
1.305519875,0
1.305558562,1
1.305727875,0
1.305765875,1
1.306039812,0
1.306079688,1
1.306559625,0
1.306600562,1
1.306871687,0
1.306914125,1
1.307287687,0
1.307328812,1
1.307599875,0
1.307639500,1
1.308015938,0
1.308053188,1
1.308431750,0
1.308471063,1
1.308743750,0
1.308781437,1
1.308951812,0
1.308989687,1
1.309575687,0
1.309617312,1
1.309783813,0
1.309824312,1
1.310303562,0
1.310345625,1
1.310719625,0
1.310761250,1
1.310927812,0
1.310966500,1
1.311239812,0
1.311279250,1
1.311863750,0
1.311904500,1
1.312175750,0
1.312216188,1
1.312383813,0
1.312421062,1
1.342420250,0
1.342463812,1
1.344855875,0
1.344895938,1
1.345063937,0
1.345102187,1
1.345271937,0
1.345311250,1
1.345480000,0
1.345516938,1
1.345687937,0
1.345728125,1
1.345999875,0
1.346040563,1
1.346311875,0
1.346350563,1
1.346350625,0
1.346351750,1
1.346623813,0
1.346665625,1
1.346831937,0
1.346871938,1
1.347143812,0
1.347186938,1
1.347663937,0
1.347702250,1
1.347871937,0
1.347911500,1
1.348287875,0
1.348328063,1
1.349431688,0
1.349472187,1
1.349847750,0
1.349890625,1
1.350055875,0
1.350097000,1
1.372484625,0
1.372527688,1
1.374904500,0
1.374946063,1
1.375112687,0
1.375151938,1
1.375320687,0
1.375358562,1
1.375528625,0
1.375566188,1
1.375736625,0
1.375776563,1
1.376048625,0
1.376089188,1
1.376360500,0
1.376401812,1
1.376776688,0
1.376813562,1
1.377514000,0
1.377555500,1
1.378038875,0
1.378075500,1
1.378248000,0
1.378286312,1
1.378770562,0
1.378811812,1
1.379190250,0
1.379226750,1
1.379504562,0
1.379543688,1
1.380027000,0
1.380067687,1
1.380341188,0
1.380377313,1
1.381385375,0
1.381426375,1
1.382644063,0
1.382685063,1
1.422206500,0
1.422250938,1
1.424618563,0
1.424659188,1
1.424826625,0
1.424866812,1
1.425034625,0
1.425073500,1
1.425242625,0
1.425282375,1
1.425450687,0
1.425489375,1
1.425762500,0
1.425804062,1
1.426074500,0
1.426115625,1
1.426386563,0
1.426427000,1
1.426594625,0
1.426633063,1
1.426906562,0
1.426947750,1
1.427114688,0
1.427152875,1
1.427634750,0
1.427671437,1
1.428050562,0
1.428089250,1
1.429194375,0
1.429237750,1
1.429818438,0
1.429859000,1
1.452368813,0
1.452411000,1
1.454780688,0
1.454821062,1
1.454988875,0
1.455026875,1
1.455196875,0
1.455235688,1
1.455404750,0
1.455443625,1
1.455612813,0
1.455651812,1
1.455651875,0
1.455652687,1
1.456028687,0
1.456070313,1
1.456340688,0
1.456379625,1
1.456379687,0
1.456382250,1
1.456756938,0
1.456794062,1
1.457390375,0
1.457432312,1
1.457599937,0
1.457640000,1
1.458125312,0
1.458163125,1
1.458648125,0
1.458689062,1
1.459068375,0
1.459104875,1
1.459277750,0
1.459315062,1
1.459800688,0
1.459840375,1
1.460010188,0
1.460046938,1
1.460430250,0
1.460468312,1
1.461057312,0
1.461097312,1
1.462421625,0
1.462461625,1
1.463155187,0
1.463193563,1
1.502369500,0
1.502411938,1
1.504781500,0
1.504822687,1
1.504989625,0
1.505029625,1
1.505197625,0
1.505237063,1
1.505405625,0
1.505444625,1
1.505613625,0
1.505650375,1
1.505925500,0
1.505965063,1
1.506237437,0
1.506278938,1
1.506549437,0
1.506589875,1
1.506757500,0
1.506799125,1
1.507069437,0
1.507110063,1
1.507277500,0
1.507317187,1
1.507797500,0
1.507837250,1
1.508213375,0
1.508254000,1
1.509461375,0
1.509504313,1
1.509981375,0
1.510024500,1
1.510293563,0
1.510332438,1
1.532315750,0
1.532359063,1
1.534743625,0
1.534783063,1
1.534951625,0
1.534990875,1
1.535159625,0
1.535199812,1
1.535367687,0
1.535406750,1
1.535575687,0
1.535615563,1
1.535887562,0
1.535929563,1
1.536199563,0
1.536238500,1
1.536615688,0
1.536654812,1
1.537070687,0
1.537113125,1
1.537277562,0
1.537317625,1
1.537794438,0
1.537834875,1
1.538207875,0
1.538248813,1
1.539345187,0
1.539384813,1
1.540172062,0
1.540215062,1
1.540482250,0
1.540525125,1
1.541206188,0
1.541242812,1
1.541619500,0
1.541660500,1
1.542136437,0
1.542178250,1
1.542343375,0
1.542382000,1
1.582285063,0
1.582328375,1
1.584704937,0
1.584745562,1
1.584913063,0
1.584952313,1
1.585121063,0
1.585159187,1
1.585329063,0
1.585367563,1
1.585537063,0
1.585576875,1
1.585848937,0
1.585890438,1
1.586161000,0
1.586201938,1
1.586472937,0
1.586515813,1
1.586681063,0
1.586720500,1
1.586992875,0
1.587034312,1
1.587305063,0
1.587343437,1
1.587721063,0
1.587759250,1
1.588137000,0
1.588177313,1
1.589280812,0
1.589323812,1
1.589488938,0
1.589528250,1
1.589528312,0
1.589530125,1
1.589904750,0
1.589947812,1
1.612398313,0
1.612443375,1
1.614818250,0
1.614859500,1
1.615026312,0
1.615067625,1
1.615234375,0
1.615275000,1
1.615442375,0
1.615483063,1
1.615650375,0
1.615690062,1
1.615962250,0
1.616005125,1
1.616274187,0
1.616317625,1
1.616690375,0
1.616731062,1
1.617318812,0
1.617359313,1
1.617632625,0
1.617671250,1
1.618051188,0
1.618088500,1
1.618572563,0
1.618612500,1
1.618885188,0
1.618926312,1
1.619094125,0
1.619132625,1
1.619824187,0
1.619865062,1
1.620033062,0
1.620073375,1
1.620553250,0
1.620594750,1
1.621177500,0
1.621220437,1
1.622537188,0
1.622577813,1
1.622956000,0
1.622994438,1
1.623164750,0
1.623203000,1
1.662240063,0
1.662283313,1
1.664675625,0
1.664716562,1
1.664883687,0
1.664924687,1
1.665091750,0
1.665132312,1
1.665299750,0
1.665337500,1
1.665507750,0
1.665547375,1
1.665819625,0
1.665861312,1
1.666131625,0
1.666174188,1
1.666443625,0
1.666484375,1
1.666651687,0
1.666693812,1
1.666963688,0
1.667002000,1
1.667002062,0
1.667004750,1
1.667483812,0
1.667522563,1
1.667691750,0
1.667729312,1
1.668107625,0
1.668150312,1
1.669251438,0
1.669295063,1
1.669667500,0
1.669709437,1
1.669875688,0
1.669917000,1
1.692321812,0
1.692365500,1
1.694749625,0
1.694790250,1
1.694957750,0
1.694996187,1
1.695165625,0
1.695205000,1
1.695373750,0
1.695412500,1
1.695581625,0
1.695623125,1
1.695893563,0
1.695933687,1
1.696205625,0
1.696246437,1
1.696621750,0
1.696659188,1
1.697145563,0
1.697186125,1
1.697670312,0
1.697707562,1
1.697879563,0
1.697919812,1
1.698506000,0
1.698547375,1
1.698923313,0
1.698964625,1
1.699132625,0
1.699172750,1
1.699758000,0
1.699799625,1
1.699967313,0
1.700006188,1
1.700908188,0
1.700948500,1
1.702166188,0
1.702205875,1
1.702896812,0
1.702940250,1
1.742283063,0
1.742329063,1
1.744710938,0
1.744754750,1
1.744919062,0
1.744960062,1
1.745127062,0
1.745166562,1
1.745335125,0
1.745373750,1
1.745543000,0
1.745581812,1
1.745855000,0
1.745895000,1
1.746166875,0
1.746210312,1
1.746478938,0
1.746522125,1
1.746687000,0
1.746728688,1
1.746998937,0
1.747042125,1
1.747207063,0
1.747246250,1
1.747727063,0
1.747763938,1
1.748142937,0
1.748184812,1
1.749286813,0
1.749328812,1
1.749910875,0
1.749953188,1
1.772388562,0
1.772434125,1
1.774816375,0
1.774857125,1
1.775024563,0
1.775064375,1
1.775232563,0
1.775271937,1
1.775440563,0
1.775479312,1
1.775648437,0
1.775689250,1
1.775960437,0
1.776002375,1
1.776272438,0
1.776314187,1
1.776688562,0
1.776726500,1
1.777318313,0
1.777361063,1
1.777527875,0
1.777568250,1
1.778053250,0
1.778092063,1
1.778576187,0
1.778617000,1
1.778996312,0
1.779035250,1
1.779205750,0
1.779243563,1
1.779728625,0
1.779772000,1
1.779938125,0
1.779979375,1
1.780358250,0
1.780396062,1
1.780985125,0
1.781028188,1
1.782141125,0
1.782180687,1
1.782874562,0
1.782917062,1
1.822206625,0
1.822250687,1
1.824650188,0
1.824691000,1
1.824858188,0
1.824899562,1
1.825066250,0
1.825106437,1
1.825274312,0
1.825312688,1
1.825482312,0
1.825521063,1
1.825794125,0
1.825836875,1
1.826106125,0
1.826149250,1
1.826418125,0
1.826458625,1
1.826626188,0
1.826665437,1
1.826938125,0
1.826979625,1
1.827146250,0
1.827186250,1
1.827666187,0
1.827705250,1
1.828082125,0
1.828125063,1
1.829225937,0
1.829269125,1
1.829746000,0
1.829789687,1
1.830058250,0
1.830097312,1
1.852447437,0
1.852491937,1
1.854867500,0
1.854910125,1
1.855075562,0
1.855113375,1
1.855283500,0
1.855324875,1
1.855491562,0
1.855531188,1
1.855699625,0
1.855738125,1
1.856011438,0
1.856053500,1
1.856323500,0
1.856364313,1
1.856739563,0
1.856779625,1
1.857246938,0
1.857290375,1
1.857453812,0
1.857494313,1
1.857970687,0
1.858010625,1
1.858384000,0
1.858427875,1
1.859521313,0
1.859563687,1
1.860348312,0
1.860391062,1
1.860658500,0
1.860701500,1
1.861382375,0
1.861421063,1
1.861795813,0
1.861836812,1
1.862312625,0
1.862354688,1
1.862519562,0
1.862559562,1
1.902367937,0
1.902412562,1
1.904795688,0
1.904836625,1
1.905003750,0
1.905044313,1
1.905211750,0
1.905252313,1
1.905419812,0
1.905460375,1
1.905627812,0
1.905665625,1
1.905665687,0
1.905667500,1
1.905939688,0
1.905983125,1
1.906251687,0
1.906292813,1
1.906563688,0
1.906604375,1
1.906771812,0
1.906811250,1
1.907083687,0
1.907124812,1
1.907395812,0
1.907436062,1
1.907811875,0
1.907849937,1
1.908227750,0
1.908267500,1
1.909371500,0
1.909414812,1
1.909579750,0
1.909621000,1
1.909995625,0
1.910037125,1
1.932361438,0
1.932406937,1
1.934781375,0
1.934821000,1
1.934989438,0
1.935030125,1
1.935197562,0
1.935237563,1
1.935405562,0
1.935443500,1
1.935613500,0
1.935653562,1
1.935925375,0
1.935967063,1
1.936237437,0
1.936279625,1
1.936653563,0
1.936692125,1
1.937283375,0
1.937323875,1
1.937597312,0
1.937635375,1
1.938015875,0
1.938055125,1
1.938433375,0
1.938472938,1
1.938745938,0
1.938787125,1
1.938954813,0
1.938995562,1
1.939581000,0
1.939622812,1
1.939789875,0
1.939826875,1
1.940310063,0
1.940349687,1
1.940726500,0
1.940769313,1
1.941878625,0
1.941916812,1
1.942297187,0
1.942336438,1
1.942505938,0
1.942544000,1
1.982171500,0
1.982216625,1
1.984607313,0
1.984648500,1
1.984815438,0
1.984853875,1
1.985023375,0
1.985062312,1
1.985231437,0
1.985270563,1
1.985439375,0
1.985479125,1
1.985751312,0
1.985791500,1
1.986063313,0
1.986103625,1
1.986375250,0
1.986415875,1
1.986583313,0
1.986624313,1
1.986999250,0
1.987040375,1
1.987519438,0
1.987556937,1
1.987727438,0
1.987765000,1
1.988247312,0
1.988288562,1
1.989391188,0
1.989433812,1
1.989807062,0
1.989851812,1
1.990015250,0
1.990055125,1
1.990055188,0
1.990056375,1
2.012420437,0
2.012462375,1
2.014840375,0
2.014879437,1
2.015048437,0
2.015086625,1
2.015256438,0
2.015297250,1
2.015464500,0
2.015504250,1
2.015672438,0
2.015713375,1
2.015984375,0
2.016026250,1
2.016296375,0
2.016334688,1
2.016334750,0
2.016337000,1
2.016712437,0
2.016752125,1
2.017235187,0
2.017275875,1
2.017759563,0
2.017798000,1
2.017968750,0
2.018008562,1
2.018387125,0
2.018427062,1
2.018701437,0
2.018740812,1
2.018910750,0
2.018949313,1
2.019746250,0
2.019787937,1
2.019955500,0
2.019995625,1
2.021001313,0
2.021044125,1
2.022362437,0
2.022403938,1
2.022675813,0
2.022716687,1
2.022885000,0
2.022925187,1
2.062293562,0
2.062337938,1
2.064713500,0
2.064754563,1
2.064921562,0
2.064961500,1
2.065129625,0
2.065168875,1
2.065337562,0
2.065378250,1
2.065545563,0
2.065584375,1
2.065857500,0
2.065897062,1
2.066169438,0
2.066211375,1
2.066481437,0
2.066524063,1
2.066689500,0
2.066730812,1
2.067001438,0
2.067044375,1
2.067209500,0
2.067251437,1
2.067729625,0
2.067768250,1
2.068145375,0
2.068185375,1
2.069289313,0
2.069331562,1
2.069913313,0
2.069958563,1
2.092414750,0
2.092460187,1
2.094850437,0
2.094892125,1
2.095058563,0
2.095097500,1
2.095266500,0
2.095305625,1
2.095474563,0
2.095513375,1
2.095682562,0
2.095721250,1
2.095994500,0
2.096034750,1
2.096306438,0
2.096347875,1
2.096722625,0
2.096760312,1
2.097252563,0
2.097294188,1
2.097462062,0
2.097503062,1
2.097987375,0
2.098026000,1
2.098510375,0
2.098551000,1
2.098930563,0
2.098971437,1
2.099140000,0
2.099178625,1
2.099662938,0
2.099705500,1
2.099872562,0
2.099911500,1
2.100292562,0
2.100331875,1
2.100919687,0
2.100961750,1
2.102283938,0
2.102326875,1
2.103017625,0
2.103058625,1
2.142303688,0
2.142347125,1
2.144731437,0
2.144773500,1
2.144939562,0
2.144979312,1
2.145147437,0
2.145189188,1
2.145355562,0
2.145394625,1
2.145563563,0
2.145602563,1
2.145875437,0
2.145917125,1
2.146187438,0
2.146229625,1
2.146499438,0
2.146540938,1
2.146707437,0
2.146748563,1
2.147019438,0
2.147060063,1
2.147227500,0
2.147268625,1
2.147747438,0
2.147788125,1
2.148163312,0
2.148207750,1
2.149307187,0
2.149351812,1
2.149827312,0
2.149870375,1
2.150139438,0
2.150178813,1
2.172456375,0
2.172500312,1
2.174884125,0
2.174924813,1
2.175092312,0
2.175131188,1
2.175300250,0
2.175339312,1
2.175508250,0
2.175547562,1
2.175716187,0
2.175752375,1
2.175752437,0
2.175754375,1
2.176028188,0
2.176068562,1
2.176340188,0
2.176381313,1
2.176756250,0
2.176794750,1
2.177319812,0
2.177361500,1
2.177526625,0
2.177565187,1
2.178043500,0
2.178084563,1
2.178457000,0
2.178499062,1
2.179594250,0
2.179634562,1
2.180421187,0
2.180463250,1
2.180731312,0
2.180773875,1
2.181455188,0
2.181494812,1
2.181868688,0
2.181910188,1
2.182385500,0
2.182426813,1
2.182592313,0
2.182633500,1
2.222170312,0
2.222215125,1
2.224598063,0
2.224640750,1
2.224806188,0
2.224845625,1
2.225014187,0
2.225055188,1
2.225222250,0
2.225261875,1
2.225430250,0
2.225469125,1
2.225742125,0
2.225784000,1
2.226054187,0
2.226094188,1
2.226366125,0
2.226407625,1
2.226574187,0
2.226614188,1
2.226886125,0
2.226925813,1
2.227198187,0
2.227238187,1
2.227614313,0
2.227653313,1
2.228030062,0
2.228071063,1
2.229173875,0
2.229218687,1
2.229382188,0
2.229421875,1
2.229798063,0
2.229839312,1
2.252332562,0
2.252375812,1
2.254752500,0
2.254793375,1
2.254960625,0
2.254999188,1
2.255168563,0
2.255207813,1
2.255376562,0
2.255415875,1
2.255584500,0
2.255624375,1
2.255896500,0
2.255935688,1
2.256208438,0
2.256249125,1
2.256624562,0
2.256663313,1
2.257152188,0
2.257191938,1
2.257466062,0
2.257503625,1
2.257884625,0
2.257922188,1
2.258302125,0
2.258342250,1
2.258342312,0
2.258344125,1
2.258614750,0
2.258656812,1
2.258823625,0
2.258864000,1
2.259449875,0
2.259490937,1
2.259658750,0
2.259697688,1
2.260179000,0
2.260220875,1
2.260595500,0
2.260638563,1
2.261747625,0
2.261787062,1
2.262166313,0
2.262202875,1
2.262375062,0
2.262414375,1
2.302349062,0
2.302392125,1
2.304792562,0
2.304834750,1
2.305000625,0
2.305042812,1
2.305208687,0
2.305249312,1
2.305416688,0
2.305455063,1
2.305624687,0
2.305663688,1
2.305936562,0
2.305979500,1
2.306248500,0
2.306292500,1
2.306560563,0
2.306602375,1
2.306768625,0
2.306807750,1
2.307184500,0
2.307228813,1
2.307704625,0
2.307744625,1
2.307912625,0
2.307951125,1
2.308328562,0
2.308368563,1
2.309472375,0
2.309516375,1
2.309888438,0
2.309931625,1
2.310096500,0
2.310139000,1
2.332334813,0
2.332379813,1
2.334754625,0
2.334793250,1
2.334793312,0
2.334794437,1
2.334962750,0
2.335001875,1
2.335170812,0
2.335209312,1
2.335378625,0
2.335417562,1
2.335586750,0
2.335626688,1
2.335898625,0
2.335941813,1
2.336210625,0
2.336251875,1
2.336626813,0
2.336665625,1
2.337361250,0
2.337404063,1
2.337884500,0
2.337923688,1
2.338093687,0
2.338133563,1
2.338616062,0
2.338657688,1
2.339346562,0
2.339389750,1
2.339869063,0
2.339910750,1
2.340078375,0
2.340116562,1
2.341228062,0
2.341268938,1
2.342485125,0
2.342526187,1
2.342902500,0
2.342944563,1
2.343111813,0
2.343152063,1
2.382335500,0
2.382379625,1
2.384755375,0
2.384795688,1
2.384963438,0
2.385002750,1
2.385171563,0
2.385209563,1
2.385379438,0
2.385418125,1
2.385587500,0
2.385628000,1
2.385899437,0
2.385940063,1
2.386211375,0
2.386250375,1
2.386250438,0
2.386252563,1
2.386523313,0
2.386566375,1
2.386731500,0
2.386771187,1
2.387043375,0
2.387084125,1
2.387251375,0
2.387291625,1
2.387771438,0
2.387810937,1
2.388187375,0
2.388229000,1
2.389331250,0
2.389372625,1
2.389955188,0
2.390000188,1
2.412281812,0
2.412324000,1
2.414701750,0
2.414741812,1
2.414909875,0
2.414948875,1
2.415117813,0
2.415156562,1
2.415325812,0
2.415366125,1
2.415533813,0
2.415574438,1
2.415845688,0
2.415887688,1
2.416157688,0
2.416198750,1
2.416573812,0
2.416612312,1
2.417099000,0
2.417141313,1
2.417308563,0
2.417349625,1
2.417833875,0
2.417871813,1
2.418252750,0
2.418292812,1
2.418672750,0
2.418710000,1
2.418882125,0
2.418920000,1
2.419405063,0
2.419447562,1
2.419614563,0
2.419654875,1
2.420034625,0
2.420072563,1
2.420661625,0
2.420705063,1
2.422025750,0
2.422065687,1
2.422759375,0
2.422800313,1
2.462203812,0
2.462247188,1
2.464639437,0
2.464679438,1
2.464847563,0
2.464886375,1
2.465055500,0
2.465096125,1
2.465263563,0
2.465304812,1
2.465471562,0
2.465511500,1
2.465783437,0
2.465824625,1
2.466095437,0
2.466136313,1
2.466407438,0
2.466448250,1
2.466615562,0
2.466654625,1
2.466927375,0
2.466969687,1
2.467135563,0
2.467174750,1
2.467655500,0
2.467696250,1
2.468071375,0
2.468110687,1
2.468110750,0
2.468112688,1
2.469215250,0
2.469259125,1
2.469735375,0
2.469776500,1
2.470047563,0
2.470086375,1
2.492452563,0
2.492496500,1
2.494872500,0
2.494915000,1
2.495080563,0
2.495121688,1
2.495288687,0
2.495328063,1
2.495496625,0
2.495535438,1
2.495704625,0
2.495743125,1
2.496016500,0
2.496058437,1
2.496328375,0
2.496372125,1
2.496744688,0
2.496782937,1
2.497289312,0
2.497330750,1
2.497496062,0
2.497534313,1
2.497534375,0
2.497535563,1
2.498012937,0
2.498053562,1
2.498426375,0
2.498469875,1
2.499563687,0
2.499604000,1
2.500390687,0
2.500431938,1
2.500700875,0
2.500742938,1
2.501424688,0
2.501464250,1
2.501838188,0
2.501877625,1
2.502355062,0
2.502397063,1
2.502561875,0
2.502601875,1
2.542341375,0
2.542385250,1
2.544769250,0
2.544809000,1
2.544809063,0
2.544811250,1
2.544977375,0
2.545017188,1
2.545185437,0
2.545224812,1
2.545393375,0
2.545430562,1
2.545430625,0
2.545432063,1
2.545601375,0
2.545640500,1
2.545913313,0
2.545953313,1
2.546225250,0
2.546267000,1
2.546537312,0
2.546577563,1
2.546745313,0
2.546786688,1
2.547057250,0
2.547098750,1
2.547369375,0
2.547407563,1
2.547785437,0
2.547822562,1
2.548201188,0
2.548243750,1
2.549345063,0
2.549388250,1
2.549553313,0
2.549593000,1
2.549969125,0
2.550009938,1
2.572295750,0
2.572339125,1
2.574707688,0
2.574749875,1
2.574915813,0
2.574956563,1
2.575123875,0
2.575162812,1
2.575331812,0
2.575370375,1
2.575539813,0
2.575577813,1
2.575851750,0
2.575892937,1
2.576163625,0
2.576206000,1
2.576579875,0
2.576617812,1
2.577109500,0
2.577150625,1
2.577423375,0
2.577462875,1
2.577841938,0
2.577878875,1
2.578363187,0
2.578403125,1
2.578675937,0
2.578718063,1
2.578884750,0
2.578923375,1
2.579614813,0
2.579655875,1
2.579823750,0
2.579863250,1
2.580343937,0
2.580385563,1
2.580760437,0
2.580802563,1
2.581912500,0
2.581950688,1
2.582331187,0
2.582369938,1
2.582539937,0
2.582576813,1
2.622241187,0
2.622284688,1
2.624669063,0
2.624711813,1
2.624877188,0
2.624915688,1
2.625085187,0
2.625125062,1
2.625293250,0
2.625333813,1
2.625501250,0
2.625539750,1
2.625813062,0
2.625855750,1
2.626125062,0
2.626167125,1
2.626437062,0
2.626477562,1
2.626645187,0
2.626684062,1
2.626957125,0
2.626997563,1
2.627477250,0
2.627515063,1
2.627685188,0
2.627724063,1
2.628101062,0
2.628140688,1
2.629244813,0
2.629288312,1
2.629661000,0
2.629703188,1
2.629869063,0
2.629908562,1
2.652482313,0
2.652525125,1
2.654902187,0
2.654944125,1
2.655110250,0
2.655149312,1
2.655318312,0
2.655357500,1
2.655526313,0
2.655565000,1
2.655734250,0
2.655773187,1
2.656046187,0
2.656089062,1
2.656358125,0
2.656399313,1
2.656774313,0
2.656812562,1
2.657407688,0
2.657450312,1
2.657932437,0
2.657969313,1
2.658141562,0
2.658180188,1
2.658766313,0
2.658806812,1
2.658975625,0
2.659016687,1
2.660019437,0
2.660062313,1
2.661379750,0
2.661421625,1
2.662637125,0
2.662676750,1
2.662846188,0
2.662885938,1
2.663055438,0
2.663093500,1
2.663093562,0
2.663095625,1
2.663369813,0
2.663407875,1
2.702394750,0
2.702438000,1
2.704822500,0
2.704865000,1
2.705030625,0
2.705073125,1
2.705238625,0
2.705279313,1
2.705446687,0
2.705486562,1
2.705654688,0
2.705693500,1
2.705966562,0
2.706008750,1
2.706278563,0
2.706320375,1
2.706590500,0
2.706632313,1
2.706798562,0
2.706839250,1
2.707110500,0
2.707151500,1
2.707318625,0
2.707359813,1
2.707838687,0
2.707876437,1
2.708254500,0
2.708297313,1
2.709398312,0
2.709443000,1
2.710022438,0
2.710064562,1
2.732443438,0
2.732488813,1
2.734871250,0
2.734914312,1
2.735079250,0
2.735120438,1
2.735287187,0
2.735329375,1
2.735495312,0
2.735535437,1
2.735703313,0
2.735744687,1
2.736015188,0
2.736059125,1
2.736327188,0
2.736369000,1
2.736743375,0
2.736782125,1
2.737269813,0
2.737314313,1
2.737479375,0
2.737520625,1
2.738004688,0
2.738044375,1
2.738527687,0
2.738570500,1
2.738947813,0
2.738987813,1
2.739157188,0
2.739197562,1
2.739680250,0
2.739721813,1
2.739889687,0
2.739931125,1
2.740309750,0
2.740349563,1
2.740936937,0
2.740977250,1
2.740977313,0
2.740980313,1
2.742301187,0
2.742342875,1
2.743034687,0
2.743078875,1
2.782149500,0
2.782198188,1
2.784569438,0
2.784613687,1
2.784777562,0
2.784821313,1
2.784985500,0
2.785028688,1
2.785193625,0
2.785235312,1
2.785401625,0
2.785442563,1
2.785713500,0
2.785757063,1
2.786025500,0
2.786070375,1
2.786337500,0
2.786381688,1
2.786545562,0
2.786589188,1
2.786857500,0
2.786900750,1
2.787065563,0
2.787109437,1
2.787585438,0
2.787628687,1
2.788001375,0
2.788049250,1
2.789145313,0
2.789191500,1
2.789665375,0
2.789711000,1
2.789977500,0
2.790019250,1
2.812327438,0
2.812376438,1
2.814739562,0
2.814784813,1
2.814947625,0
2.814990063,1
2.815155625,0
2.815200125,1
2.815363625,0
2.815407062,1
2.815571687,0
2.815611188,1
2.815611250,0
2.815613625,1
2.815883562,0
2.815929250,1
2.816195500,0
2.816241125,1
2.816611687,0
2.816652000,1
2.817155375,0
2.817200938,1
2.817362250,0
2.817402750,1
2.817879062,0
2.817923125,1
2.818292562,0
2.818338875,1
2.819429813,0
2.819474250,1
2.820256750,0
2.820302750,1
2.820566938,0
2.820613125,1
2.821290750,0
2.821332750,1
2.821704187,0
2.821748313,1
2.822221063,0
2.822265312,1
2.822427875,0
2.822471563,1
2.862304625,0
2.862353938,1
2.864740312,0
2.864785438,1
2.864948375,0
2.864991125,1
2.865156375,0
2.865197687,1
2.865364437,0
2.865409313,1
2.865572375,0
2.865615313,1
2.865884312,0
2.865928750,1
2.866196313,0
2.866241375,1
2.866508313,0
2.866553500,1
2.866716438,0
2.866758875,1
2.867028250,0
2.867075063,1
2.867340438,0
2.867382062,1
2.867756438,0
2.867799563,1
2.868172375,0
2.868216063,1
2.869316125,0
2.869364812,1
2.869524312,0
2.869570313,1
2.869940125,0
2.869987250,1
2.892473063,0
2.892523563,1
2.894893063,0
2.894939000,1
2.895101063,0
2.895143562,1
2.895309062,0
2.895353812,1
2.895517125,0
2.895560812,1
2.895725125,0
2.895767563,1
2.896037000,0
2.896081750,1
2.896348937,0
2.896393250,1
2.896765125,0
2.896808375,1
2.897393125,0
2.897441625,1
2.897707000,0
2.897750125,1
2.898125563,0
2.898166438,1
2.898542937,0
2.898586500,1
2.898855625,0
2.898901500,1
2.899064437,0
2.899108375,1
2.899690688,0
2.899735375,1
2.899899500,0
2.899944125,1
2.900419750,0
2.900464750,1
2.900836250,0
2.900884313,1
2.901988438,0
2.902031750,1
2.902407063,0
2.902447250,1
2.902615813,0
2.902657688,1
2.942179125,0
2.942226875,1
2.944622750,0
2.944665937,1
2.944830812,0
2.944874750,1
2.945038812,0
2.945082188,1
2.945246875,0
2.945289875,1
2.945454875,0
2.945498063,1
2.945766750,0
2.945813875,1
2.946078750,0
2.946125312,1
2.946390750,0
2.946436250,1
2.946598750,0
2.946641937,1
2.946910750,0
2.946954687,1
2.947430875,0
2.947472875,1
2.947638875,0
2.947681063,1
2.948054750,0
2.948100750,1
2.949198562,0
2.949246875,1
2.949614562,0
2.949662313,1
2.949822812,0
2.949867312,1
2.972467187,0
2.972517438,1
2.974895188,0
2.974941312,1
2.975103250,0
2.975145750,1
2.975311313,0
2.975353125,1
2.975519312,0
2.975560312,1
2.975727313,0
2.975769062,1
2.976039188,0
2.976083000,1
2.976351125,0
2.976396750,1
2.976767375,0
2.976808313,1
2.977395562,0
2.977442313,1
2.977920375,0
2.977962625,1
2.978129500,0
2.978172500,1
2.978755062,0
2.978800000,1
2.979174250,0
2.979217563,1
2.979488625,0
2.979528563,1
2.979905750,0
2.979949625,1
2.981265875,0
2.981312562,1
2.982524000,0
2.982568812,1
2.982837937,0
2.982878125,1
2.983359188,0
2.983402813,1
3.022181375,0
3.022229187,1
3.024624875,0
3.024671062,1
3.024833000,0
3.024875500,1
3.025041125,0
3.025082312,1
3.025249062,0
3.025290375,1
3.025457125,0
3.025498438,1
3.025768938,0
3.025812938,1
3.026080875,0
3.026126000,1
3.026392875,0
3.026438625,1
3.026601000,0
3.026644500,1
3.026912938,0
3.026956750,1
3.027121063,0
3.027162688,1
3.027641062,0
3.027682062,1
3.028056938,0
3.028101063,1
3.029200813,0
3.029247375,1
3.029824812,0
3.029872563,1
3.053142438,0
3.053191250,1
3.055562313,0
3.055606000,1
3.055770438,0
3.055813250,1
3.055978500,0
3.056019750,1
3.056019813,0
3.056022187,1
3.056186500,0
3.056229375,1
3.056394562,0
3.056436437,1
3.056706375,0
3.056750562,1
3.057018312,0
3.057064313,1
3.057434437,0
3.057476687,1
3.057960625,0
3.058005375,1
3.058170250,0
3.058213563,1
3.058695625,0
3.058737000,1
3.059114437,0
3.059157687,1
3.059534688,0
3.059575125,1
3.059744063,0
3.059786000,1
3.060475375,0
3.060520063,1
3.060685000,0
3.060727500,1
3.061105062,0
3.061147375,1
3.061628000,0
3.061674688,1
3.062784125,0
3.062826000,1
3.063517750,0
3.063562812,1
3.102248250,0
3.102295125,1
3.104683812,0
3.104728250,1
3.104891938,0
3.104935500,1
3.105100000,0
3.105144250,1
3.105307938,0
3.105348938,1
3.105516000,0
3.105556813,1
3.105931875,0
3.105976500,1
3.106243875,0
3.106288563,1
3.106555750,0
3.106601250,1
3.106763937,0
3.106807750,1
3.107075813,0
3.107122438,1
3.107283938,0
3.107326688,1
3.107803812,0
3.107848312,1
3.108219812,0
3.108265375,1
3.109363688,0
3.109409625,1
3.109883813,0
3.109928813,1
3.110196000,0
3.110238563,1
3.132345813,0
3.132392563,1
3.134773625,0
3.134817187,1
3.134981687,0
3.135023375,1
3.135189625,0
3.135233875,1
3.135397687,0
3.135440625,1
3.135605688,0
3.135648875,1
3.135917625,0
3.135963312,1
3.136229563,0
3.136274000,1
3.136645625,0
3.136688250,1
3.137124875,0
3.137169875,1
3.137331625,0
3.137374000,1
3.137848562,0
3.137893688,1
3.138261937,0
3.138308875,1
3.139399250,0
3.139442563,1
3.140226250,0
3.140272313,1
3.140536438,0
3.140582250,1
3.141260250,0
3.141303312,1
3.141673687,0
3.141716500,1
3.142190563,0
3.142236500,1
3.142397375,0
3.142440313,1
3.182370188,0
3.182417250,1
3.184797937,0
3.184841313,1
3.185006062,0
3.185050313,1
3.185214000,0
3.185257813,1
3.185422062,0
3.185464562,1
3.185630063,0
3.185671875,1
3.185942000,0
3.185986750,1
3.186253938,0
3.186300688,1
3.186565938,0
3.186610813,1
3.186774063,0
3.186817750,1
3.187085938,0
3.187129188,1
3.187398062,0
3.187439813,1
3.187814125,0
3.187855938,1
3.188229938,0
3.188274250,1
3.189373687,0
3.189422313,1
3.189582000,0
3.189626188,1
3.189997875,0
3.190045062,1
3.212379500,0
3.212427375,1
3.214807313,0
3.214852625,1
3.215015312,0
3.215059750,1
3.215223375,0
3.215266812,1
3.215431375,0
3.215473875,1
3.215639313,0
3.215683000,1
3.215951187,0
3.215997375,1
3.216263250,0
3.216309312,1
3.216679375,0
3.216721812,1
3.217309687,0
3.217356375,1
3.217623563,0
3.217665063,1
3.218042188,0
3.218084375,1
3.218459688,0
3.218504438,1
3.218772250,0
3.218818000,1
3.218981125,0
3.219024812,1
3.219607438,0
3.219652562,1
3.219816375,0
3.219858687,1
3.220336562,0
3.220380688,1
3.220753063,0
3.220800437,1
3.222008938,0
3.222054875,1
3.222427750,0
3.222468688,1
3.222636562,0
3.222677375,1
3.262221063,0
3.262269438,1
3.264641000,0
3.264685188,1
3.264849125,0
3.264892125,1
3.265057188,0
3.265099312,1
3.265265125,0
3.265307187,1
3.265473125,0
3.265517375,1
3.265785000,0
3.265831313,1
3.266096937,0
3.266140875,1
3.266409000,0
3.266455812,1
3.266617062,0
3.266661250,1
3.266928937,0
3.266974687,1
3.267449125,0
3.267489000,1
3.267657125,0
3.267699375,1
3.268073063,0
3.268117063,1
3.269216875,0
3.269263062,1
3.269632875,0
3.269680375,1
3.269841062,0
3.269883937,1
3.269884000,0
3.269886062,1
3.292485688,0
3.292532937,1
3.294897750,0
3.294941875,1
3.295105813,0
3.295148063,1
3.295313875,0
3.295355875,1
3.295521750,0
3.295563375,1
3.295729875,0
3.295771563,1
3.296041750,0
3.296085625,1
3.296353687,0
3.296398313,1
3.296769875,0
3.296810438,1
3.297300625,0
3.297345000,1
3.297828813,0
3.297868563,1
3.298039375,0
3.298081563,1
3.298565250,0
3.298611687,1
3.298985375,0
3.299029812,1
3.299195000,0
3.299237125,1
3.299405250,0
3.299448313,1
3.299825125,0
3.299871562,1
3.301194687,0
3.301241563,1
3.302461563,0
3.302504938,1
3.303195875,0
3.303240188,1
3.342406000,0
3.342455125,1
3.344833813,0
3.344879000,1
3.345042000,0
3.345084562,1
3.345250000,0
3.345292062,1
3.345457937,0
3.345500125,1
3.345665875,0
3.345709125,1
3.345977875,0
3.346021062,1
3.346289812,0
3.346335250,1
3.346601812,0
3.346648625,1
3.346809938,0
3.346854062,1
3.347121813,0
3.347169188,1
3.347329938,0
3.347372250,1
3.347849937,0
3.347892438,1
3.348265875,0
3.348309438,1
3.349409688,0
3.349457312,1
3.350033687,0
3.350083000,1
3.372454750,0
3.372506000,1
3.374882500,0
3.374928125,1
3.375090625,0
3.375135125,1
3.375298687,0
3.375342000,1
3.375506688,0
3.375549000,1
3.375714625,0
3.375756438,1
3.376026562,0
3.376071562,1
3.376338500,0
3.376385688,1
3.376754688,0
3.376797063,1
3.377285375,0
3.377331813,1
3.377494875,0
3.377540812,1
3.378020312,0
3.378060812,1
3.378543188,0
3.378587688,1
3.378963312,0
3.379006687,1
3.379172688,0
3.379216937,1
3.379799812,0
3.379848562,1
3.380009375,0
3.380055313,1
3.380429500,0
3.380472062,1
3.380952437,0
3.380999000,1
3.382108250,0
3.382153437,1
3.382841875,0
3.382888063,1
3.422367313,0
3.422416625,1
3.424795062,0
3.424841312,1
3.425003188,0
3.425047688,1
3.425211125,0
3.425256937,1
3.425419125,0
3.425464312,1
3.425627125,0
3.425671813,1
3.425939000,0
3.425986375,1
3.426251062,0
3.426299000,1
3.426563063,0
3.426608187,1
3.426771125,0
3.426816188,1
3.427083000,0
3.427130562,1
3.427291125,0
3.427336000,1
3.427811000,0
3.427856938,1
3.428227000,0
3.428273562,1
3.429370813,0
3.429421125,1
3.429890938,0
3.429938875,1
3.430203125,0
3.430245250,1
3.452384438,0
3.452433313,1
3.454812250,0
3.454857937,1
3.455020375,0
3.455065312,1
3.455228375,0
3.455272375,1
3.455436250,0
3.455480812,1
3.455644250,0
3.455688312,1
3.455956250,0
3.456003687,1
3.456268250,0
3.456316563,1
3.456684375,0
3.456726625,1
3.457197687,0
3.457246125,1
3.457404438,0
3.457449875,1
3.457921375,0
3.457967125,1
3.458334750,0
3.458385187,1
3.459472000,0
3.459520250,1
3.460299062,0
3.460348000,1
3.460609187,0
3.460657562,1
3.461333125,0
3.461376313,1
3.461746375,0
3.461793313,1
3.462263313,0
3.462311000,1
3.462470312,0
3.462514937,1
3.502218125,0
3.502269875,1
3.504630312,0
3.504679063,1
3.504838312,0
3.504885063,1
3.505046313,0
3.505091812,1
3.505254375,0
3.505298500,1
3.505462313,0
3.505507062,1
3.505774250,0
3.505822938,1
3.506086187,0
3.506135000,1
3.506398187,0
3.506444688,1
3.506606375,0
3.506652063,1
3.507022125,0
3.507072125,1
3.507334375,0
3.507377125,1
3.507750312,0
3.507794125,1
3.508166188,0
3.508211125,1
3.508211188,0
3.508213313,1
3.509310062,0
3.509359813,1
3.509518313,0
3.509566313,1
3.509934000,0
3.509984563,1
3.532474875,0
3.532528500,1
3.534910500,0
3.534958875,1
3.535118687,0
3.535163938,1
3.535326688,0
3.535371313,1
3.535534625,0
3.535578688,1
3.535742625,0
3.535789250,1
3.536054562,0
3.536102000,1
3.536366563,0
3.536415250,1
3.536782688,0
3.536826750,1
3.537312937,0
3.537361125,1
3.537628938,0
3.537673563,1
3.538050437,0
3.538095875,1
3.538679812,0
3.538726937,1
3.538994563,0
3.539043313,1
3.539204875,0
3.539250062,1
3.539939875,0
3.539986625,1
3.539986687,0
3.539987875,1
3.540150188,0
3.540197313,1
3.540674000,0
3.540725875,1
3.541197937,0
3.541249688,1
3.542566938,0
3.542618062,1
3.542988687,0
3.543033562,1
3.543198875,0
3.543243250,1
3.583138875,0
3.583191000,1
3.585574687,0
3.585622687,1
3.585782813,0
3.585828250,1
3.585990812,0
3.586037500,1
3.586198813,0
3.586246500,1
3.586406750,0
3.586454063,1
3.586822625,0
3.586872250,1
3.587134625,0
3.587184812,1
3.587446625,0
3.587498313,1
3.587654688,0
3.587702625,1
3.587966625,0
3.588015125,1
3.588486812,0
3.588530125,1
3.588694812,0
3.588740375,1
3.589110625,0
3.589159688,1
3.590254438,0
3.590303625,1
3.590303688,0
3.590307812,1
3.590670563,0
3.590721750,1
3.590878750,0
3.590924438,1
3.612261125,0
3.612316687,1
3.614689000,0
3.614740813,1
3.614897062,0
3.614945500,1
3.615105125,0
3.615151000,1
3.615313125,0
3.615358125,1
3.615521063,0
3.615567875,1
3.615833000,0
3.615881875,1
3.616144938,0
3.616195875,1
3.616561187,0
3.616606125,1
3.617189375,0
3.617242812,1
3.617714063,0
3.617760250,1
3.617923188,0
3.617969187,1
3.618445438,0
3.618495875,1
3.618759875,0
3.618806125,1
3.618968937,0
3.619016812,1
3.619908500,0
3.619959375,1
3.621060125,0
3.621112625,1
3.622422500,0
3.622470250,1
3.622631812,0
3.622677813,1
3.622944875,0
3.622992937,1
3.662381750,0
3.662437312,1
3.664809375,0
3.664861875,1
3.665017563,0
3.665063562,1
3.665063625,0
3.665065438,1
3.665225625,0
3.665275250,1
3.665433563,0
3.665482187,1
3.665641562,0
3.665688750,1
3.665953437,0
3.666003500,1
3.666265437,0
3.666316125,1
3.666577437,0
3.666625063,1
3.666625125,0
3.666627500,1
3.666785625,0
3.666833313,1
3.667097500,0
3.667147813,1
3.667305563,0
3.667352437,1
3.667825625,0
3.667871625,1
3.668241500,0
3.668292313,1
3.669385313,0
3.669440312,1
3.670009375,0
3.670062812,1
3.692231937,0
3.692287938,1
3.694651750,0
3.694702250,1
3.694859937,0
3.694907063,1
3.695067938,0
3.695114562,1
3.695275875,0
3.695325313,1
3.695483875,0
3.695532375,1
3.695795813,0
3.695842125,1
3.695842187,0
3.695845063,1
3.696107813,0
3.696157938,1
3.696523937,0
3.696569500,1
3.697051000,0
3.697102188,1
3.697260562,0
3.697310625,1
3.697785812,0
3.697833187,1
3.698308687,0
3.698362313,1
3.698728875,0
3.698775063,1
3.698938375,0
3.698983812,1
3.699461312,0
3.699511188,1
3.699670812,0
3.699718063,1
3.700090813,0
3.700137250,1
3.700717937,0
3.700772312,1
3.702082187,0
3.702132938,1
3.702815750,0
3.702865750,1
3.742145875,0
3.742202063,1
3.744573813,0
3.744623375,1
3.744781875,0
3.744829875,1
3.744989938,0
3.745036750,1
3.745197937,0
3.745245250,1
3.745405875,0
3.745454188,1
3.745717813,0
3.745768688,1
3.746237687,0
3.746289813,1
3.746549750,0
3.746601812,1
3.746861750,0
3.746914563,1
3.747069812,0
3.747119563,1
3.747589750,0
3.747641250,1
3.748005688,0
3.748057750,1
3.749149562,0
3.749202125,1
3.750293563,0
3.750347125,1
3.751437812,0
3.751487813,1
3.751957688,0
3.752009000,1
3.752269875,0
3.752316313,1
3.782219625,0
3.782276125,1
3.784647375,0
3.784697813,1
3.784855438,0
3.784903750,1
3.785063562,0
3.785110250,1
3.785271563,0
3.785318812,1
3.785479562,0
3.785528375,1
3.785791375,0
3.785841562,1
3.786311250,0
3.786364813,1
3.786623313,0
3.786675312,1
3.786935375,0
3.786988437,1
3.787247563,0
3.787296562,1
3.787663563,0
3.787709813,1
3.788079312,0
3.788130563,1
3.788391312,0
3.788441875,1
3.788599375,0
3.788649562,1
3.789223312,0
3.789274375,1
3.789431500,0
3.789478875,1
3.789951312,0
3.790002750,1
3.790367312,0
3.790421500,1
3.790575437,0
3.790623437,1
3.790887500,0
3.790934500,1
3.791511312,0
3.791561812,1
3.791823375,0
3.791875313,1
3.792031375,0
3.792082500,1
3.822157750,0
3.822213500,1
3.824577625,0
3.824628563,1
3.824785750,0
3.824833438,1
3.824993750,0
3.825042875,1
3.825201750,0
3.825252312,1
3.825409688,0
3.825458250,1
3.825721563,0
3.825774375,1
3.826241562,0
3.826297250,1
3.826553625,0
3.826605438,1
3.826865563,0
3.826917813,1
3.827385688,0
3.827433688,1
3.827593687,0
3.827643125,1
3.828009625,0
3.828060687,1
3.828425563,0
3.828478625,1
3.829153625,0
3.829203625,1
3.829361688,0
3.829411063,1
3.829881500,0
3.829934938,1
3.830297438,0
3.830351563,1
3.830505625,0
3.830555313,1
3.831441625,0
3.831491375,1
3.831753500,0
3.831805563,1
3.832065625,0
3.832115500,1
3.862199813,0
3.862260062,1
3.864627562,0
3.864679938,1
3.864835687,0
3.864883687,1
3.864883750,0
3.864886500,1
3.865043500,0
3.865093375,1
3.865251687,0
3.865300500,1
3.865459750,0
3.865509187,1
3.865771562,0
3.865824313,1
3.866291438,0
3.866347063,1
3.866603562,0
3.866658625,1
3.866915500,0
3.866967625,1
3.867123687,0
3.867173500,1
3.867173563,0
3.867174438,1
3.867643750,0
3.867691313,1
3.868059563,0
3.868112125,1
3.868475625,0
3.868522250,1
3.868522313,0
3.868523500,1
3.868683687,0
3.868733500,1
3.869203437,0
3.869256375,1
3.869411625,0
3.869461625,1
3.869827687,0
3.869874500,1
3.870347500,0
3.870398563,1
3.870555625,0
3.870604375,1
3.870867688,0
3.870917187,1
3.871491625,0
3.871542812,1
3.872011500,0
3.872067937,1
3.872219625,0
3.872270562,1
3.902296938,0
3.902354687,1
3.904724750,0
3.904776625,1
3.904932937,0
3.904982125,1
3.905140938,0
3.905191500,1
3.905348875,0
3.905400125,1
3.905556938,0
3.905606812,1
3.905868875,0
3.905921938,1
3.906180813,0
3.906232812,1
3.906492750,0
3.906546437,1
3.906700938,0
3.906750437,1
3.907012750,0
3.907067000,1
3.907220812,0
3.907272063,1
3.907740813,0
3.907792875,1
3.908156750,0
3.908210750,1
3.909300625,0
3.909358812,1
3.909820687,0
3.909874125,1
3.910132813,0
3.910182875,1
3.932449688,0
3.932510188,1
3.934877500,0
3.934930750,1
3.935085625,0
3.935136875,1
3.935293563,0
3.935345000,1
3.935501625,0
3.935552062,1
3.935709625,0
3.935758125,1
3.936021437,0
3.936074875,1
3.936333500,0
3.936388062,1
3.936749563,0
3.936799750,1
3.937306875,0
3.937362125,1
3.937513688,0
3.937566125,1
3.938030625,0
3.938084875,1
3.938444000,0
3.938499125,1
3.939581313,0
3.939633875,1
3.940408250,0
3.940463812,1
3.940718500,0
3.940772125,1
3.941442375,0
3.941489500,1
3.941855750,0
3.941906312,1
3.942372625,0
3.942426063,1
3.942579563,0
3.942630375,1
3.982377937,0
3.982438937,1
3.984797875,0
3.984850375,1
3.985005937,0
3.985057813,1
3.985213938,0
3.985265250,1
3.985422000,0
3.985473125,1
3.985629938,0
3.985680438,1
3.985941875,0
3.985995125,1
3.986253875,0
3.986308188,1
3.986565812,0
3.986619500,1
3.986774000,0
3.986824250,1
3.987085875,0
3.987139813,1
3.987397937,0
3.987448062,1
3.987813937,0
3.987862563,1
3.988229937,0
3.988282938,1
3.989373688,0
3.989431812,1
3.989581938,0
3.989635375,1
3.989997687,0
3.990054063,1
4.012379313,0
4.012436750,1
4.014799313,0
4.014852625,1
4.015007375,0
4.015058687,1
4.015215438,0
4.015265313,1
4.015423437,0
4.015473125,1
4.015631437,0
4.015683250,1
4.015943313,0
4.015996125,1
4.016255250,0
4.016310500,1
4.016671438,0
4.016720500,1
4.017196688,0
4.017253187,1
4.017510563,0
4.017561312,1
4.017929188,0
4.017977313,1
4.018346562,0
4.018400375,1
4.018659250,0
4.018714437,1
4.018868125,0
4.018919625,1
4.019494312,0
4.019547437,1
4.019703250,0
4.019754813,1
4.020223375,0
4.020280125,1
4.020639938,0
4.020696187,1
4.021792000,0
4.021843063,1
4.022210750,0
4.022257250,1
4.022419437,0
4.022469938,1
4.062205250,0
4.062266375,1
4.064633062,0
4.064686750,1
4.064841187,0
4.064893000,1
4.065049125,0
4.065100313,1
4.065257188,0
4.065308062,1
4.065465125,0
4.065515312,1
4.065777062,0
4.065831437,1
4.066089062,0
4.066144562,1
4.066401062,0
4.066454187,1
4.066609188,0
4.066661062,1
4.066921000,0
4.066975750,1
4.067441125,0
4.067490937,1
4.067649187,0
4.067698375,1
4.068065062,0
4.068116750,1
4.069208813,0
4.069265500,1
4.069624875,0
4.069681375,1
4.069833062,0
4.069885063,1
4.092469875,0
4.092531250,1
4.094889812,0
4.094942687,1
4.095097875,0
4.095148000,1
4.095305813,0
4.095358187,1
4.095513813,0
4.095564875,1
4.095721875,0
4.095771625,1
4.096033688,0
4.096089437,1
4.096345750,0
4.096399750,1
4.096761812,0
4.096811813,1
4.097289750,0
4.097345625,1
4.097814375,0
4.097864875,1
4.098023438,0
4.098073250,1
4.098544250,0
4.098598500,1
4.098961437,0
4.099015750,1
4.099170750,0
4.099221688,1
4.099796875,0
4.099852313,1
4.100526125,0
4.100583375,1
4.101151438,0
4.101209938,1
4.102513000,0
4.102567312,1
4.142168000,0
4.142222813,1
4.142222875,0
4.142226375,1
4.144588000,0
4.144642375,1
4.144796063,0
4.144847688,1
4.145004125,0
4.145055313,1
4.145212062,0
4.145262188,1
4.145420125,0
4.145470813,1
4.145731937,0
4.145785313,1
4.146044000,0
4.146098500,1
4.146356000,0
4.146411375,1
4.146564125,0
4.146617062,1
4.146876000,0
4.146929062,1
4.147084125,0
4.147134375,1
4.147604187,0
4.147654375,1
4.148020000,0
4.148072000,1
4.149163813,0
4.149221125,1
4.149787875,0
4.149844812,1
4.172377563,0
4.172438000,1
4.174797500,0
4.174849125,1
4.175005562,0
4.175056125,1
4.175213562,0
4.175265625,1
4.175421563,0
4.175472125,1
4.175629563,0
4.175680312,1
4.175941500,0
4.175996375,1
4.176253437,0
4.176306813,1
4.176669562,0
4.176720312,1
4.177195313,0
4.177252812,1
4.177404812,0
4.177456625,1
4.177930125,0
4.177979813,1
4.178348938,0
4.178403562,1
4.178769000,0
4.178819312,1
4.178978437,0
4.179028312,1
4.179501375,0
4.179555813,1
4.179710875,0
4.179761688,1
4.180131000,0
4.180179625,1
4.180653937,0
4.180710250,1
4.181914000,0
4.181969312,1
4.182647562,0
4.182700562,1
4.222203250,0
4.222261875,1
4.224631125,0
4.224684500,1
4.224839313,0
4.224889062,1
4.225047313,0
4.225094813,1
4.225094875,0
4.225097062,1
4.225255375,0
4.225305375,1
4.225463312,0
4.225514500,1
4.225775250,0
4.225828625,1
4.226087125,0
4.226140688,1
4.226399125,0
4.226455000,1
4.226607250,0
4.226659563,1
4.226919188,0
4.226974812,1
4.227127250,0
4.227179813,1
4.227647187,0
4.227701250,1
4.228063063,0
4.228119813,1
4.229206875,0
4.229263438,1
4.229727063,0
4.229782062,1
4.230039188,0
4.230089687,1
4.252412750,0
4.252472250,1
4.254832813,0
4.254887563,1
4.255040812,0
4.255092375,1
4.255248750,0
4.255299750,1
4.255456875,0
4.255506625,1
4.255664813,0
4.255715375,1
4.255976750,0
4.256031562,1
4.256288687,0
4.256344750,1
4.256704875,0
4.256752813,1
4.257173000,0
4.257227187,1
4.257379875,0
4.257430438,1
4.257896687,0
4.257948000,1
4.258310125,0
4.258367062,1
4.259447375,0
4.259500375,1
4.260274375,0
4.260329562,1
4.260584500,0
4.260638688,1
4.261308375,0
4.261356562,1
4.261721750,0
4.261774062,1
4.262238625,0
4.262291625,1
4.262445562,0
4.262497500,1
4.302270062,0
4.302329562,1
4.304697938,0
4.304750063,1
4.304906125,0
4.304957313,1
4.305114063,0
4.305164438,1
4.305322125,0
4.305371313,1
4.305530125,0
4.305579000,1
4.305945937,0
4.305999687,1
4.306258000,0
4.306310563,1
4.306569937,0
4.306623125,1
4.306778125,0
4.306828000,1
4.307090000,0
4.307141438,1
4.307402125,0
4.307453062,1
4.307818125,0
4.307867125,1
4.308234063,0
4.308284625,1
4.309377750,0
4.309435438,1
4.309586000,0
4.309638250,1
4.310001938,0
4.310055750,1
4.332422875,0
4.332481562,1
4.334850688,0
4.334899187,1
4.334899250,0
4.334902562,1
4.335058812,0
4.335110500,1
4.335266750,0
4.335315875,1
4.335474813,0
4.335524562,1
4.335682750,0
4.335733000,1
4.335994750,0
4.336048000,1
4.336306687,0
4.336360062,1
4.336722875,0
4.336772312,1
4.337356687,0
4.337411500,1
4.337672687,0
4.337719500,1
4.338094250,0
4.338143500,1
4.338619063,0
4.338674562,1
4.338933875,0
4.338988000,1
4.339144125,0
4.339194125,1
4.339879250,0
4.339934063,1
4.340089563,0
4.340139813,1
4.340613375,0
4.340666188,1
4.340666250,0
4.340668563,1
4.341242000,0
4.341297062,1
4.342611062,0
4.342665500,1
4.343032688,0
4.343080375,1
4.343242938,0
4.343292938,1
4.382311687,0
4.382369250,1
4.384723812,0
4.384776000,1
4.384931938,0
4.384982188,1
4.385139875,0
4.385189500,1
4.385347937,0
4.385396938,1
4.385556000,0
4.385606375,1
4.385867812,0
4.385920625,1
4.386179875,0
4.386234563,1
4.386491875,0
4.386544437,1
4.386699938,0
4.386751625,1
4.387011812,0
4.387062937,1
4.387532000,0
4.387579312,1
4.387739938,0
4.387786500,1
4.387786562,0
4.387789000,1
4.388155812,0
4.388207813,1
4.389299562,0
4.389354563,1
4.389715687,0
4.389771500,1
4.389923875,0
4.389975750,1
4.412242313,0
4.412299500,1
4.414670125,0
4.414721812,1
4.414878250,0
4.414926813,1
4.415086312,0
4.415134938,1
4.415294313,0
4.415342125,1
4.415502250,0
4.415551062,1
4.415814187,0
4.415865125,1
4.416126125,0
4.416176750,1
4.416542312,0
4.416589313,1
4.417172563,0
4.417226750,1
4.417697312,0
4.417744062,1
4.417906375,0
4.417955000,1
4.418428562,0
4.418481312,1
4.418742062,0
4.418791063,1
4.418950625,0
4.418998812,1
4.419264875,0
4.419312687,1
4.419681938,0
4.419733938,1
4.420411250,0
4.420465375,1
4.421036500,0
4.421093563,1
4.422294625,0
4.422347562,1
4.422503812,0
4.422552063,1
4.422552125,0
4.422553625,1
4.422816625,0
4.422869000,1
4.462164375,0
4.462222813,1
4.464607875,0
4.464660875,1
4.464816062,0
4.464864937,1
4.465024000,0
4.465072500,1
4.465232000,0
4.465282750,1
4.465439938,0
4.465488687,1
4.465751875,0
4.465803000,1
4.466063875,0
4.466116063,1
4.466375812,0
4.466429188,1
4.466583938,0
4.466634437,1
4.466895875,0
4.466949188,1
4.467103875,0
4.467155625,1
4.467624000,0
4.467671375,1
4.468039875,0
4.468090062,1
4.469183750,0
4.469240500,1
4.469807750,0
4.469862688,1
4.492413188,0
4.492471625,1
4.494841000,0
4.494893375,1
4.495049125,0
4.495098437,1
4.495257000,0
4.495307187,1
4.495465000,0
4.495514625,1
4.495673062,0
4.495722687,1
4.495984875,0
4.496037438,1
4.496296938,0
4.496351062,1
4.496713000,0
4.496762813,1
4.497237812,0
4.497291875,1
4.497447437,0
4.497494063,1
4.497494125,0
4.497496812,1
4.497972750,0
4.498020750,1
4.498391625,0
4.498441813,1
4.498811687,0
4.498860438,1
4.499021125,0
4.499071062,1
4.499544063,0
4.499596875,1
4.499753625,0
4.499802563,1
4.500173688,0
4.500222563,1
4.500696687,0
4.500747937,1
4.501852562,0
4.501903687,1
4.502586250,0
4.502637500,1
4.542333437,0
4.542389375,1
4.544761313,0
4.544812688,1
4.544969500,0
4.545017813,1
4.545177437,0
4.545228563,1
4.545385375,0
4.545435688,1
4.545593438,0
4.545642812,1
4.545905313,0
4.545957438,1
4.546217312,0
4.546269438,1
4.546529312,0
4.546581563,1
4.546737438,0
4.546787375,1
4.547049313,0
4.547102625,1
4.547257375,0
4.547308125,1
4.547777313,0
4.547827687,1
4.548193250,0
4.548246062,1
4.549337187,0
4.549389312,1
4.549389375,0
4.549392688,1
4.549857187,0
4.549910312,1
4.550169375,0
4.550218313,1
4.568320000,1
